Average_MAG_SPS_Hz,669.018
MAG_Time_sec,Mag_X_raw,Mag_Y_raw,Mag_Z_raw
0.000215,-2244,912,-5394
0.001163,-2248,932,-5434
0.002108,-2158,936,-5477
0.003054,-2130,918,-5527
0.004,-2150,892,-5464
0.004947,-2134,892,-5475
0.0059,-2174,926,-5460
0.006842,-2194,938,-5474
0.007787,-2174,938,-5451
0.008734,-2168,906,-5457
0.009681,-2154,936,-5442
0.010628,-2178,918,-5492
0.011576,-2214,902,-5491
0.01252,-2208,900,-5482
0.013469,-2186,906,-5423
0.014418,-2208,940,-5409
0.01536,-2216,926,-5472
0.016307,-2142,932,-5476
0.017253,-2200,904,-5444
0.0182,-2204,930,-5467
0.019146,-2192,914,-5465
0.020094,-2184,924,-5444
0.02104,-2156,912,-5514
0.021986,-2224,980,-5451
0.022934,-2224,900,-5436
0.023885,-2182,918,-5401
0.024827,-2214,876,-5471
0.025775,-2214,948,-5397
0.02672,-2202,956,-5461
0.027667,-2164,920,-5452
0.028614,-2212,976,-5496
0.029562,-2194,898,-5448
0.030511,-2174,924,-5434
0.031456,-2184,962,-5435
0.032402,-2184,904,-5438
0.033349,-2208,938,-5434
0.034296,-2206,904,-5407
0.035243,-2172,922,-5375
0.03619,-2228,902,-5479
0.037137,-2228,962,-5408
0.038083,-2200,938,-5472
0.03903,-2220,958,-5464
0.039977,-2210,946,-5485
0.040923,-2210,906,-5390
0.04187,-2202,952,-5478
0.042817,-2222,956,-5428
0.043762,-2250,902,-5376
0.044707,-2188,962,-5428
0.045654,-2192,978,-5465
0.0466,-2178,946,-5404
0.047547,-2188,940,-5399
0.048493,-2182,912,-5474
0.049439,-2162,930,-5515
0.050386,-2182,982,-5434
0.051333,-2168,926,-5437
0.052279,-2166,966,-5436
0.053224,-2182,974,-5381
0.05417,-2206,986,-5427
0.055117,-2234,974,-5484
0.056063,-2164,980,-5482
0.057011,-2192,920,-5464
0.057956,-2190,938,-5469
0.058902,-2192,934,-5568
0.059849,-2208,966,-5439
0.060795,-2214,946,-5398
0.061741,-2158,1002,-5404
0.062692,-2164,958,-5423
0.063634,-2192,986,-5443
0.06458,-2192,950,-5424
0.065528,-2192,936,-5425
0.066474,-2210,948,-5440
0.06742,-2210,956,-5403
0.068366,-2166,958,-5439
0.069312,-2192,972,-5416
0.070257,-2134,932,-5409
0.071205,-2172,888,-5423
0.072153,-2168,932,-5448
0.073098,-2188,962,-5402
0.074046,-2182,920,-5461
0.074997,-2204,898,-5509
0.075939,-2166,940,-5472
0.076885,-2188,910,-5439
0.077832,-2230,960,-5468
0.078779,-2188,924,-5436
0.079727,-2218,946,-5398
0.080673,-2134,966,-5498
0.081619,-2152,958,-5509
0.082566,-2188,938,-5417
0.083512,-2188,926,-5455
0.084459,-2156,944,-5442
0.085404,-2166,976,-5428
0.08635,-2160,954,-5494
0.087297,-2210,972,-5494
0.088243,-2150,972,-5437
0.089188,-2180,928,-5492
0.090136,-2226,952,-5417
0.091082,-2156,944,-5460
0.092028,-2180,932,-5443
0.092975,-2174,944,-5444
0.093922,-2168,940,-5512
0.094871,-2166,972,-5517
0.095815,-2184,922,-5491
0.106228,-2198,936,-5397
0.107179,-2198,980,-5468
0.108123,-2188,912,-5484
0.109068,-2220,942,-5373
0.110016,-2168,940,-5499
0.110963,-2200,956,-5459
0.11191,-2196,956,-5455
0.112857,-2198,960,-5469
0.113802,-2216,940,-5478
0.114748,-2154,914,-5454
0.115696,-2174,928,-5423
0.116641,-2138,916,-5411
0.117588,-2146,926,-5446
0.118534,-2216,920,-5456
0.11948,-2168,956,-5400
0.120427,-2228,952,-5417
0.121374,-2202,922,-5383
0.122321,-2202,924,-5420
0.123265,-2158,910,-5424
0.124211,-2184,930,-5460
0.125157,-2234,934,-5385
0.126103,-2202,934,-5382
0.127053,-2222,960,-5395
0.127997,-2192,938,-5477
0.128943,-2180,978,-5444
0.129889,-2196,908,-5453
0.130836,-2212,946,-5456
0.131782,-2186,932,-5440
0.132728,-2176,922,-5388
0.133675,-2212,950,-5428
0.134621,-2186,944,-5420
0.135569,-2170,924,-5417
0.136515,-2154,934,-5477
0.137462,-2196,950,-5461
0.138408,-2192,956,-5504
0.139356,-2222,980,-5499
0.140301,-2186,950,-5449
0.141247,-2184,952,-5447
0.142193,-2208,944,-5441
0.14314,-2214,904,-5435
0.144086,-2202,922,-5514
0.145032,-2234,960,-5480
0.145978,-2202,918,-5431
0.146924,-2168,934,-5415
0.147871,-2198,916,-5414
0.148819,-2192,944,-5498
0.149765,-2212,924,-5498
0.150709,-2188,932,-5447
0.151656,-2234,948,-5460
0.152602,-2170,946,-5494
0.153548,-2180,948,-5421
0.154497,-2210,946,-5451
0.155442,-2182,936,-5524
0.15639,-2182,956,-5520
0.157333,-2206,936,-5486
0.158279,-2188,912,-5467
0.159227,-2168,926,-5448
0.160173,-2182,930,-5407
0.161119,-2164,964,-5473
0.162066,-2178,968,-5402
0.163012,-2198,966,-5507
0.163959,-2210,878,-5480
0.164905,-2184,954,-5508
0.165851,-2236,938,-5416
0.166798,-2174,946,-5528
0.167744,-2180,944,-5514
0.168691,-2148,960,-5438
0.169637,-2164,944,-5445
0.170584,-2140,898,-5450
0.17153,-2208,938,-5360
0.172476,-2160,926,-5462
0.173423,-2152,954,-5443
0.174369,-2188,914,-5475
0.175315,-2228,922,-5489
0.176262,-2204,900,-5479
0.177209,-2254,970,-5419
0.178154,-2158,982,-5396
0.179101,-2144,938,-5443
0.180048,-2176,948,-5362
0.180996,-2172,960,-5513
0.181946,-2196,956,-5430
0.182888,-2152,940,-5457
0.183836,-2194,946,-5479
0.184782,-2162,992,-5435
0.185728,-2186,936,-5436
0.186677,-2190,958,-5486
0.187621,-2214,958,-5458
0.188568,-2132,928,-5429
0.204659,-2184,932,-5389
0.205606,-2186,938,-5466
0.206553,-2194,956,-5461
0.207499,-2190,892,-5436
0.208446,-2156,944,-5447
0.209393,-2122,952,-5480
0.21034,-2156,938,-5478
0.211286,-2190,976,-5403
0.212233,-2194,938,-5430
0.213181,-2174,920,-5369
0.214126,-2194,926,-5433
0.215072,-2190,926,-5429
0.21602,-2156,908,-5429
0.216966,-2164,942,-5418
0.217913,-2198,962,-5500
0.218863,-2232,960,-5435
0.219806,-2196,930,-5446
0.220753,-2236,956,-5505
0.2217,-2214,912,-5444
0.222645,-2218,972,-5475
0.223595,-2186,964,-5434
0.224538,-2184,930,-5437
0.225486,-2180,960,-5458
0.226434,-2220,984,-5474
0.227378,-2162,908,-5368
0.228325,-2236,994,-5415
0.229272,-2186,946,-5418
0.230219,-2202,992,-5428
0.231166,-2232,952,-5438
0.232111,-2210,976,-5425
0.233058,-2176,974,-5431
0.234005,-2198,958,-5478
0.234953,-2204,980,-5434
0.235899,-2202,990,-5459
0.236844,-2140,996,-5433
0.237792,-2170,966,-5451
0.238738,-2196,968,-5440
0.239684,-2174,908,-5457
0.240636,-2214,954,-5497
0.241579,-2200,958,-5422
0.242525,-2196,946,-5456
0.243473,-2192,938,-5463
0.244419,-2182,982,-5493
0.245368,-2206,1002,-5475
0.246313,-2170,960,-5456
0.247261,-2194,924,-5425
0.248206,-2202,936,-5410
0.249154,-2210,966,-5471
0.250101,-2202,936,-5399
0.251046,-2190,972,-5436
0.251994,-2214,974,-5432
0.252939,-2208,908,-5467
0.253887,-2166,960,-5407
0.254833,-2224,922,-5438
0.25578,-2214,918,-5479
0.256726,-2182,954,-5453
0.257672,-2212,948,-5462
0.258618,-2226,932,-5539
0.259567,-2194,928,-5490
0.260516,-2184,952,-5470
0.261462,-2190,960,-5485
0.262407,-2222,904,-5436
0.263353,-2216,942,-5411
0.264299,-2222,932,-5449
0.265249,-2232,926,-5378
0.266194,-2226,926,-5418
0.26714,-2244,916,-5418
0.268087,-2218,944,-5408
0.269034,-2254,926,-5371
0.269984,-2192,960,-5412
0.270928,-2174,904,-5437
0.271875,-2192,924,-5391
0.272821,-2176,962,-5437
0.273768,-2198,924,-5414
0.274714,-2168,958,-5380
0.275662,-2210,998,-5382
0.276608,-2178,930,-5423
0.277556,-2222,958,-5393
0.278503,-2198,924,-5429
0.279449,-2202,924,-5461
0.280396,-2188,902,-5486
0.281343,-2196,952,-5456
0.28229,-2184,946,-5462
0.283237,-2202,972,-5441
0.284183,-2204,916,-5449
0.28513,-2192,956,-5365
0.286077,-2188,936,-5493
0.287026,-2188,984,-5383
0.287971,-2222,888,-5446
0.288917,-2192,928,-5430
0.289864,-2242,934,-5461
0.290811,-2212,908,-5409
0.291762,-2210,994,-5517
0.292704,-2210,908,-5444
0.293651,-2202,938,-5418
0.294597,-2194,862,-5416
0.295543,-2234,940,-5434
0.296491,-2196,968,-5409
0.310688,-2166,940,-5382
0.311637,-2140,948,-5484
0.312581,-2184,960,-5370
0.313528,-2184,954,-5396
0.314474,-2136,970,-5400
0.315421,-2206,990,-5410
0.316367,-2166,986,-5390
0.317314,-2170,948,-5401
0.31826,-2168,958,-5483
0.31921,-2152,942,-5441
0.320154,-2134,966,-5416
0.321101,-2210,960,-5367
0.322047,-2152,944,-5438
0.322994,-2220,948,-5475
0.323942,-2196,968,-5436
0.324888,-2174,966,-5413
0.325834,-2150,944,-5438
0.326783,-2164,932,-5319
0.327728,-2198,936,-5400
0.32868,-2212,976,-5402
0.329621,-2192,958,-5416
0.330569,-2218,952,-5381
0.331514,-2212,940,-5468
0.332461,-2190,952,-5379
0.333408,-2220,954,-5518
0.334356,-2166,936,-5457
0.335301,-2228,962,-5456
0.336247,-2200,918,-5499
0.337193,-2234,944,-5489
0.338142,-2196,968,-5405
0.339087,-2174,918,-5481
0.340033,-2230,924,-5412
0.340981,-2228,986,-5439
0.341927,-2222,942,-5439
0.342872,-2162,942,-5411
0.343818,-2198,994,-5433
0.344764,-2246,932,-5410
0.34571,-2236,946,-5483
0.346657,-2212,940,-5377
0.347603,-2224,988,-5392
0.348549,-2180,916,-5437
0.349495,-2196,982,-5421
0.350443,-2172,926,-5432
0.351389,-2182,930,-5391
0.352343,-2192,964,-5410
0.353282,-2202,944,-5362
0.354227,-2118,956,-5406
0.355173,-2190,960,-5457
0.356123,-2168,950,-5378
0.357067,-2212,952,-5367
0.358013,-2148,930,-5427
0.358961,-2176,928,-5437
0.359906,-2146,942,-5467
0.360856,-2184,942,-5434
0.361799,-2174,934,-5407
0.362747,-2132,968,-5452
0.363694,-2178,910,-5457
0.36464,-2186,946,-5429
0.365588,-2154,916,-5475
0.366534,-2194,938,-5423
0.367481,-2178,914,-5430
0.368429,-2152,956,-5385
0.369373,-2156,950,-5409
0.370321,-2200,914,-5469
0.371267,-2188,932,-5423
0.372214,-2194,984,-5432
0.373159,-2140,916,-5425
0.374107,-2202,962,-5444
0.375052,-2196,948,-5332
0.375999,-2172,898,-5401
0.376945,-2232,974,-5361
0.377892,-2182,966,-5387
0.378838,-2218,978,-5438
0.379784,-2156,974,-5326
0.38073,-2176,1012,-5378
0.381678,-2180,954,-5512
0.382623,-2158,952,-5361
0.38357,-2172,928,-5381
0.384516,-2202,944,-5386
0.385463,-2186,962,-5406
0.386409,-2138,916,-5402
0.387355,-2204,912,-5406
0.388304,-2192,932,-5479
0.389249,-2226,946,-5361
0.390195,-2192,958,-5448
0.391141,-2236,970,-5416
0.392088,-2200,962,-5469
0.39304,-2170,940,-5434
0.39398,-2232,938,-5440
0.40723,-2138,942,-5449
0.408178,-2136,910,-5478
0.409123,-2204,942,-5450
0.41007,-2174,924,-5391
0.411016,-2138,934,-5424
0.411962,-2154,958,-5392
0.41291,-2184,886,-5417
0.413857,-2176,932,-5360
0.414809,-2164,928,-5370
0.41575,-2150,928,-5360
0.416697,-2178,950,-5346
0.417646,-2178,954,-5470
0.418591,-2150,928,-5370
0.419538,-2152,952,-5435
0.420487,-2154,976,-5396
0.421431,-2144,932,-5388
0.422379,-2124,914,-5372
0.423324,-2184,948,-5466
0.42427,-2166,942,-5364
0.425221,-2162,916,-5415
0.426164,-2188,902,-5383
0.42711,-2186,930,-5393
0.428057,-2172,938,-5351
0.429005,-2210,942,-5444
0.429951,-2180,928,-5429
0.430899,-2138,946,-5362
0.431844,-2194,926,-5429
0.432791,-2162,942,-5504
0.433737,-2160,936,-5395
0.434683,-2124,958,-5487
0.435631,-2138,956,-5417
0.436577,-2142,946,-5465
0.437523,-2162,964,-5415
0.43847,-2166,992,-5407
0.439418,-2230,956,-5489
0.440364,-2168,924,-5439
0.44131,-2166,968,-5458
0.442256,-2134,980,-5436
0.443201,-2170,972,-5460
0.444147,-2130,1004,-5468
0.445096,-2194,974,-5445
0.446041,-2172,952,-5420
0.446986,-2190,952,-5397
0.447933,-2160,972,-5438
0.448879,-2154,970,-5383
0.449825,-2170,930,-5435
0.450773,-2194,934,-5385
0.451717,-2210,908,-5446
0.452664,-2186,936,-5496
0.45361,-2182,934,-5481
0.454557,-2204,904,-5479
0.455502,-2212,918,-5424
0.45645,-2166,926,-5496
0.457397,-2142,908,-5427
0.458343,-2182,930,-5390
0.459289,-2208,966,-5409
0.460235,-2188,958,-5524
0.461183,-2156,954,-5480
0.462129,-2222,928,-5449
0.463077,-2150,926,-5408
0.464022,-2166,944,-5454
0.464968,-2174,976,-5458
0.465913,-2210,976,-5449
0.466859,-2164,970,-5451
0.467808,-2188,936,-5413
0.468752,-2124,938,-5443
0.469699,-2164,912,-5450
0.470647,-2202,938,-5453
0.471591,-2170,944,-5469
0.47254,-2190,928,-5380
0.473485,-2160,926,-5498
0.474432,-2162,976,-5490
0.475379,-2202,940,-5474
0.476324,-2182,974,-5460
0.47727,-2178,986,-5459
0.478215,-2184,932,-5433
0.479164,-2174,964,-5380
0.480111,-2164,926,-5489
0.481056,-2180,988,-5379
0.482002,-2160,952,-5403
0.482949,-2154,950,-5405
0.483896,-2142,960,-5440
0.484843,-2158,916,-5398
0.485789,-2190,944,-5411
0.486736,-2160,958,-5433
0.487684,-2178,950,-5392
0.488628,-2160,956,-5425
0.489574,-2194,934,-5396
0.490521,-2188,952,-5390
0.491468,-2166,950,-5386
0.492415,-2164,946,-5442
0.493361,-2220,964,-5478
0.494308,-2174,960,-5431
0.495255,-2206,990,-5440
0.496201,-2194,956,-5491
0.497149,-2166,914,-5480
0.498095,-2236,918,-5383
0.499042,-2204,960,-5429
0.499989,-2170,940,-5416
0.500934,-2154,938,-5368
0.501881,-2152,908,-5436
0.502827,-2148,928,-5390
0.516078,-2164,926,-5386
0.517025,-2172,912,-5471
0.517971,-2126,932,-5473
0.518918,-2150,952,-5464
0.519864,-2144,930,-5503
0.520811,-2196,960,-5484
0.521757,-2214,910,-5491
0.522704,-2184,910,-5471
0.523653,-2194,952,-5482
0.524596,-2164,936,-5470
0.525544,-2192,926,-5465
0.52649,-2182,960,-5482
0.527438,-2182,906,-5481
0.528383,-2188,910,-5474
0.529329,-2150,900,-5466
0.530276,-2144,932,-5459
0.531222,-2246,936,-5457
0.532169,-2136,904,-5457
0.533116,-2184,942,-5400
0.534062,-2142,954,-5455
0.535008,-2202,956,-5387
0.535955,-2150,960,-5363
0.536901,-2172,894,-5416
0.537847,-2198,914,-5404
0.538793,-2172,992,-5371
0.539739,-2230,924,-5435
0.540685,-2170,902,-5378
0.541632,-2178,910,-5490
0.542578,-2170,928,-5413
0.543523,-2182,882,-5382
0.544469,-2144,968,-5460
0.545415,-2244,944,-5487
0.546363,-2226,948,-5410
0.547307,-2168,922,-5440
0.548254,-2210,954,-5476
0.5492,-2218,950,-5580
0.550146,-2244,948,-5432
0.551092,-2188,1000,-5477
0.552039,-2184,952,-5549
0.552985,-2182,1002,-5456
0.553932,-2206,976,-5423
0.55488,-2210,938,-5337
0.555825,-2210,918,-5425
0.556772,-2202,934,-5439
0.557725,-2184,932,-5430
0.558666,-2182,890,-5370
0.559613,-2202,940,-5502
0.560559,-2158,914,-5444
0.561505,-2192,972,-5378
0.562452,-2192,898,-5499
0.563398,-2192,920,-5449
0.564345,-2208,952,-5383
0.565291,-2206,924,-5476
0.566236,-2176,936,-5445
0.567189,-2198,932,-5437
0.568129,-2160,930,-5423
0.569077,-2182,922,-5393
0.570022,-2174,942,-5470
0.570969,-2212,922,-5435
0.571915,-2188,912,-5449
0.572862,-2232,934,-5381
0.573808,-2188,890,-5392
0.574754,-2208,906,-5392
0.5757,-2262,926,-5422
0.576651,-2220,898,-5401
0.577594,-2200,912,-5477
0.57854,-2228,924,-5400
0.579486,-2188,902,-5403
0.580431,-2180,896,-5383
0.581379,-2162,918,-5408
0.582324,-2184,922,-5400
0.583269,-2146,934,-5441
0.584216,-2204,926,-5381
0.585162,-2218,872,-5418
0.58611,-2200,888,-5410
0.587057,-2208,880,-5508
0.588001,-2198,916,-5355
0.588947,-2216,964,-5402
0.589894,-2226,932,-5450
0.59084,-2172,878,-5471
0.591789,-2182,930,-5432
0.592733,-2178,918,-5491
0.59368,-2204,902,-5478
0.594626,-2186,902,-5430
0.595574,-2186,952,-5425
0.59652,-2214,944,-5418
0.597466,-2184,936,-5417
0.598412,-2180,932,-5442
0.599358,-2172,946,-5433
0.600304,-2174,932,-5428
0.611662,-2216,900,-5461
0.612608,-2168,928,-5515
0.613557,-2172,914,-5488
0.614501,-2146,906,-5394
0.615447,-2184,936,-5403
0.616394,-2146,962,-5505
0.61734,-2174,944,-5472
0.618288,-2184,854,-5522
0.619235,-2146,950,-5472
0.620181,-2178,928,-5409
0.621127,-2170,900,-5474
0.622074,-2166,922,-5426
0.623021,-2192,918,-5449
0.623969,-2180,904,-5485
0.624915,-2210,918,-5444
0.625861,-2196,978,-5447
0.626807,-2150,962,-5510
0.627753,-2222,932,-5437
0.628698,-2174,978,-5508
0.629645,-2164,954,-5415
0.630592,-2194,920,-5488
0.63154,-2186,982,-5505
0.632486,-2194,970,-5445
0.633432,-2164,952,-5488
0.634379,-2196,946,-5456
0.635326,-2182,960,-5519
0.636278,-2146,1034,-5480
0.63722,-2226,966,-5489
0.638165,-2228,916,-5536
0.639112,-2216,968,-5449
0.640059,-2160,968,-5364
0.64101,-2132,934,-5409
0.641952,-2184,920,-5459
0.642898,-2180,950,-5426
0.643846,-2192,952,-5492
0.644792,-2184,944,-5493
0.645738,-2188,912,-5415
0.646687,-2178,924,-5438
0.647633,-2166,934,-5502
0.64858,-2232,892,-5414
0.649525,-2192,942,-5487
0.650473,-2164,962,-5410
0.651418,-2166,958,-5443
0.652365,-2220,942,-5433
0.653312,-2162,956,-5393
0.654258,-2168,922,-5449
0.655205,-2208,950,-5488
0.656155,-2182,910,-5482
0.657098,-2158,968,-5482
0.658044,-2180,914,-5548
0.65899,-2232,952,-5445
0.659937,-2172,940,-5499
0.660886,-2190,948,-5438
0.66183,-2138,962,-5483
0.662776,-2190,962,-5492
0.663723,-2130,964,-5493
0.664669,-2180,922,-5550
0.665616,-2174,926,-5515
0.666562,-2162,964,-5539
0.667509,-2192,926,-5483
0.668455,-2202,906,-5453
0.669402,-2184,962,-5462
0.670349,-2192,1004,-5448
0.671295,-2182,942,-5501
0.672241,-2186,972,-5443
0.673191,-2164,962,-5424
0.674136,-2186,944,-5448
0.675082,-2208,922,-5467
0.676029,-2186,960,-5393
0.676975,-2158,952,-5446
0.677921,-2190,966,-5433
0.678868,-2236,1020,-5394
0.679815,-2172,936,-5436
0.680761,-2186,956,-5473
0.681708,-2174,954,-5447
0.682656,-2198,918,-5406
0.683601,-2156,936,-5444
0.684548,-2180,948,-5432
0.685494,-2164,1004,-5422
0.686441,-2148,956,-5421
0.687386,-2172,952,-5421
0.688333,-2228,938,-5396
0.689279,-2168,958,-5399
0.690225,-2174,944,-5384
0.691172,-2170,968,-5449
0.692118,-2172,960,-5352
0.693066,-2178,1014,-5434
0.694011,-2186,984,-5498
0.694958,-2142,1018,-5337
0.695904,-2174,960,-5431
0.69685,-2174,962,-5388
0.697797,-2184,1002,-5405
0.698744,-2198,966,-5410
0.69969,-2190,982,-5437
0.700636,-2114,962,-5371
0.701584,-2156,1002,-5418
0.70253,-2198,972,-5402
0.703477,-2202,946,-5399
0.704423,-2196,978,-5437
0.705371,-2146,996,-5425
0.706317,-2168,960,-5456
0.707263,-2154,946,-5494
0.70821,-2176,952,-5493
0.716724,-2178,980,-5490
0.71767,-2184,964,-5498
0.718616,-2166,984,-5495
0.719562,-2110,984,-5488
0.720511,-2188,948,-5479
0.721456,-2154,944,-5489
0.722402,-2128,948,-5497
0.723347,-2154,924,-5452
0.724294,-2116,952,-5494
0.725242,-2160,944,-5453
0.726187,-2172,978,-5422
0.727135,-2146,932,-5433
0.72808,-2170,960,-5499
0.729027,-2176,996,-5433
0.729973,-2178,974,-5502
0.73092,-2144,960,-5415
0.731867,-2182,968,-5503
0.732814,-2150,1014,-5433
0.73376,-2168,958,-5429
0.734705,-2144,950,-5387
0.735651,-2148,984,-5400
0.736598,-2154,970,-5425
0.737544,-2190,950,-5388
0.738492,-2180,946,-5499
0.739437,-2176,920,-5465
0.740383,-2192,940,-5418
0.741329,-2168,956,-5461
0.742276,-2200,930,-5418
0.743223,-2168,962,-5439
0.744169,-2202,952,-5413
0.745115,-2202,962,-5471
0.746062,-2224,968,-5427
0.747008,-2190,1014,-5401
0.747954,-2200,974,-5444
0.748901,-2180,954,-5329
0.749847,-2164,946,-5433
0.750803,-2214,992,-5441
0.751739,-2142,976,-5412
0.752685,-2172,950,-5389
0.753632,-2156,990,-5457
0.754578,-2144,1000,-5415
0.755525,-2146,998,-5475
0.756471,-2168,974,-5427
0.757418,-2220,958,-5482
0.758363,-2168,990,-5412
0.75931,-2146,948,-5414
0.760259,-2162,1032,-5424
0.761202,-2160,996,-5417
0.762148,-2186,984,-5425
0.763094,-2160,996,-5440
0.76404,-2186,996,-5370
0.764987,-2116,954,-5383
0.765933,-2136,998,-5460
0.766881,-2192,968,-5424
0.767825,-2202,984,-5378
0.768772,-2136,954,-5464
0.76972,-2222,986,-5466
0.770667,-2198,982,-5405
0.771611,-2152,968,-5414
0.772557,-2136,972,-5419
0.773503,-2186,974,-5396
0.774449,-2144,992,-5459
0.775398,-2162,980,-5427
0.776343,-2138,986,-5412
0.777289,-2162,1022,-5442
0.778239,-2146,966,-5375
0.779182,-2148,990,-5431
0.780129,-2132,996,-5509
0.781076,-2168,994,-5413
0.782023,-2172,992,-5399
0.782969,-2146,1020,-5500
0.783915,-2174,984,-5492
0.784862,-2142,1026,-5521
0.785807,-2136,968,-5514
0.786756,-2170,986,-5398
0.787702,-2152,1006,-5534
0.788647,-2132,992,-5539
0.789594,-2112,1000,-5435
0.79054,-2184,990,-5525
0.791487,-2136,1004,-5515
0.792433,-2154,1022,-5459
0.79338,-2178,996,-5491
0.794326,-2144,990,-5410
0.795271,-2170,1000,-5469
0.796219,-2192,996,-5366
0.797166,-2196,994,-5432
0.798112,-2188,1018,-5433
0.799058,-2184,960,-5438
0.800004,-2178,1002,-5446
0.800951,-2174,1034,-5433
0.801898,-2192,938,-5429
0.802847,-2174,1006,-5392
0.803789,-2152,1016,-5396
0.804736,-2170,1048,-5458
0.805682,-2164,1002,-5382
0.806628,-2152,956,-5451
0.807577,-2182,954,-5403
0.808522,-2194,974,-5404
0.809467,-2154,948,-5420
0.829339,-2186,976,-5491
0.830286,-2196,1052,-5492
0.831232,-2154,1000,-5465
0.832178,-2190,1012,-5405
0.833126,-2210,1062,-5434
0.834072,-2186,1042,-5510
0.835018,-2198,998,-5432
0.835965,-2230,1016,-5447
0.836912,-2156,1018,-5433
0.837857,-2174,1048,-5550
0.838804,-2146,1026,-5436
0.839751,-2148,1004,-5450
0.840696,-2200,1020,-5452
0.841643,-2180,1002,-5531
0.842592,-2188,1014,-5464
0.843535,-2140,1012,-5458
0.844482,-2176,1050,-5491
0.845429,-2128,1008,-5450
0.846374,-2168,1072,-5439
0.84732,-2160,1018,-5443
0.848267,-2180,1022,-5447
0.849213,-2172,1006,-5464
0.850158,-2190,1032,-5500
0.851104,-2222,1020,-5517
0.852051,-2182,1064,-5462
0.852999,-2244,1028,-5476
0.853944,-2176,1066,-5507
0.85489,-2182,1060,-5523
0.855837,-2182,1076,-5523
0.856782,-2216,1060,-5460
0.85773,-2182,1078,-5540
0.858675,-2176,1050,-5445
0.85962,-2194,1062,-5515
0.860567,-2204,1042,-5505
0.861513,-2176,1046,-5480
0.86246,-2218,1070,-5509
0.863407,-2206,1060,-5449
0.864352,-2162,1046,-5484
0.865299,-2198,1088,-5521
0.866245,-2194,1062,-5566
0.867192,-2218,1084,-5497
0.868138,-2184,1064,-5487
0.869083,-2192,1070,-5459
0.870029,-2204,1060,-5492
0.870975,-2156,1054,-5505
0.871921,-2168,1084,-5447
0.872868,-2238,1042,-5529
0.873814,-2278,1064,-5463
0.87476,-2196,1026,-5482
0.875707,-2198,1042,-5604
0.876654,-2198,1030,-5495
0.877598,-2194,1044,-5544
0.878544,-2188,1038,-5532
0.87949,-2154,1028,-5445
0.880438,-2170,1060,-5522
0.881382,-2136,1040,-5485
0.882328,-2180,1062,-5502
0.883273,-2176,1088,-5467
0.884219,-2154,1074,-5489
0.885165,-2228,1054,-5514
0.88611,-2210,1036,-5522
0.887056,-2224,1020,-5639
0.888001,-2182,1038,-5559
0.888948,-2168,984,-5545
0.889894,-2234,1090,-5503
0.89084,-2232,1036,-5506
0.891786,-2198,1088,-5471
0.892735,-2158,1042,-5423
0.89368,-2206,1028,-5478
0.894625,-2194,1078,-5578
0.895571,-2176,1048,-5559
0.896517,-2184,1090,-5602
0.897464,-2208,1072,-5469
0.898409,-2226,1046,-5462
0.899354,-2248,1056,-5507
0.9003,-2210,1112,-5510
0.901247,-2230,1104,-5438
0.902192,-2220,1066,-5540
0.903138,-2220,1104,-5521
0.904084,-2222,1078,-5505
0.90503,-2220,1084,-5512
0.905977,-2198,1094,-5472
0.906922,-2170,1114,-5523
0.90787,-2206,1078,-5422
0.908816,-2168,1102,-5464
0.909762,-2156,1100,-5515
0.910713,-2194,1076,-5470
0.911655,-2214,1052,-5568
0.925848,-2160,1106,-5507
0.926794,-2228,1084,-5524
0.92774,-2188,1106,-5489
0.928688,-2240,1070,-5534
0.929633,-2200,1084,-5555
0.93058,-2168,1092,-5417
0.931526,-2172,1124,-5499
0.932473,-2204,1088,-5505
0.93342,-2178,1070,-5507
0.934364,-2122,1106,-5457
0.935311,-2168,1110,-5534
0.936258,-2166,1130,-5491
0.937204,-2178,1114,-5551
0.93815,-2142,1162,-5498
0.939097,-2182,1096,-5503
0.940042,-2168,1142,-5517
0.940989,-2170,1140,-5518
0.941936,-2146,1098,-5521
0.942883,-2164,1122,-5580
0.943829,-2180,1148,-5517
0.944775,-2168,1154,-5545
0.945721,-2150,1106,-5475
0.946668,-2158,1066,-5581
0.947618,-2164,1136,-5549
0.94856,-2190,1082,-5528
0.949507,-2184,1074,-5541
0.950453,-2192,1100,-5542
0.951399,-2162,1076,-5471
0.952345,-2178,1112,-5540
0.953291,-2150,1116,-5552
0.954238,-2180,1086,-5550
0.955183,-2168,1102,-5610
0.956131,-2162,1124,-5567
0.957076,-2160,1058,-5531
0.958023,-2192,1094,-5488
0.958968,-2196,1120,-5564
0.959915,-2182,1128,-5666
0.960865,-2164,1138,-5548
0.961807,-2174,1150,-5573
0.962754,-2202,1130,-5564
0.963699,-2126,1118,-5547
0.964645,-2182,1136,-5579
0.965593,-2204,1180,-5520
0.966538,-2182,1132,-5559
0.967484,-2178,1144,-5601
0.968431,-2178,1166,-5566
0.969377,-2186,1148,-5561
0.970323,-2148,1134,-5535
0.971272,-2144,1174,-5506
0.972216,-2150,1174,-5516
0.973161,-2198,1146,-5537
0.974107,-2142,1158,-5491
0.975055,-2202,1106,-5507
0.976003,-2160,1138,-5571
0.976947,-2198,1172,-5505
0.977894,-2204,1134,-5469
0.97884,-2196,1162,-5570
0.979786,-2218,1150,-5563
0.980733,-2210,1156,-5542
0.981681,-2180,1174,-5559
0.982627,-2192,1168,-5547
0.983576,-2202,1124,-5511
0.984521,-2196,1108,-5545
0.985469,-2206,1138,-5561
0.986414,-2168,1124,-5599
0.987361,-2178,1186,-5503
0.988309,-2196,1140,-5488
0.989254,-2226,1128,-5538
0.990201,-2180,1196,-5513
0.991148,-2196,1174,-5542
0.992094,-2252,1100,-5560
0.993045,-2214,1184,-5627
0.993988,-2182,1170,-5568
0.994934,-2224,1166,-5532
0.99588,-2220,1152,-5539
0.996826,-2214,1162,-5586
0.997773,-2200,1132,-5568
0.998719,-2230,1120,-5566
0.999664,-2230,1156,-5557
1.000611,-2234,1128,-5540
1.001557,-2210,1176,-5587
1.002505,-2190,1126,-5586
1.003453,-2188,1090,-5613
1.004395,-2160,1108,-5654
1.005341,-2192,1118,-5586
1.006287,-2140,1128,-5559
1.007234,-2142,1060,-5540
1.008184,-2130,1056,-5604
1.009127,-2128,1062,-5625
1.021429,-2226,1150,-5646
1.022375,-2202,1182,-5609
1.023321,-2206,1138,-5568
1.024266,-2228,1148,-5602
1.025213,-2186,1146,-5535
1.02616,-2198,1192,-5530
1.027105,-2232,1148,-5539
1.028053,-2250,1146,-5552
1.028999,-2226,1168,-5642
1.029945,-2218,1162,-5620
1.030891,-2272,1164,-5613
1.031839,-2242,1174,-5632
1.032784,-2214,1200,-5573
1.033729,-2224,1188,-5705
1.034675,-2226,1198,-5614
1.035621,-2250,1214,-5706
1.036567,-2190,1200,-5642
1.037513,-2208,1182,-5648
1.03846,-2240,1152,-5610
1.039405,-2230,1188,-5664
1.040352,-2258,1196,-5584
1.041299,-2250,1230,-5581
1.042244,-2224,1194,-5646
1.04319,-2234,1180,-5566
1.044137,-2288,1158,-5654
1.045083,-2188,1150,-5644
1.04603,-2216,1170,-5624
1.046976,-2272,1200,-5626
1.047922,-2284,1196,-5661
1.048868,-2240,1160,-5601
1.049814,-2256,1168,-5572
1.05076,-2278,1226,-5628
1.051707,-2268,1170,-5638
1.052652,-2282,1168,-5623
1.053599,-2254,1158,-5660
1.054545,-2296,1210,-5653
1.055491,-2258,1178,-5660
1.059274,-2268,1194,-5703
1.06022,-2312,1192,-5636
1.061167,-2254,1122,-5602
1.062113,-2246,1214,-5660
1.063059,-2298,1196,-5626
1.064008,-2192,1208,-5705
1.064952,-2232,1198,-5563
1.065898,-2266,1180,-5630
1.066846,-2248,1212,-5592
1.067792,-2284,1196,-5597
1.068738,-2286,1218,-5685
1.069685,-2320,1264,-5613
1.070632,-2286,1238,-5686
1.071578,-2298,1254,-5648
1.072523,-2298,1266,-5706
1.073469,-2246,1228,-5722
1.074415,-2320,1310,-5628
1.075362,-2376,1378,-5665
1.076311,-2382,1366,-5578
1.077254,-2336,1350,-5634
1.0782,-2336,1276,-5643
1.079152,-2276,1210,-5676
1.080093,-2300,1210,-5686
1.081038,-2294,1192,-5713
1.081986,-2286,1224,-5662
1.082932,-2310,1272,-5662
1.08388,-2294,1242,-5659
1.084825,-2290,1246,-5651
1.085771,-2288,1302,-5580
1.086717,-2306,1270,-5591
1.087664,-2298,1254,-5652
1.08861,-2308,1226,-5670
1.089555,-2302,1238,-5686
1.090501,-2296,1250,-5691
1.091448,-2304,1266,-5642
1.092393,-2344,1252,-5585
1.09334,-2288,1238,-5735
1.094286,-2326,1254,-5685
1.095233,-2352,1290,-5690
1.096179,-2304,1234,-5714
1.097126,-2318,1206,-5611
1.098072,-2274,1268,-5636
1.099019,-2310,1268,-5674
1.099966,-2308,1262,-5632
1.100911,-2312,1280,-5673
1.101859,-2330,1316,-5758
1.102806,-2328,1304,-5643
1.10375,-2312,1286,-5708
1.104697,-2336,1292,-5627
1.105644,-2346,1290,-5694
1.10659,-2334,1280,-5704
1.107535,-2328,1298,-5686
1.108482,-2308,1290,-5596
1.109428,-2338,1312,-5666
1.110374,-2326,1262,-5611
1.11132,-2302,1284,-5623
1.112267,-2278,1300,-5670
1.113214,-2268,1238,-5597
1.114159,-2280,1288,-5661
1.115105,-2278,1272,-5644
1.116055,-2314,1338,-5616
1.116997,-2280,1304,-5707
1.117943,-2306,1288,-5683
1.118889,-2300,1278,-5671
1.119835,-2236,1264,-5682
1.120781,-2302,1352,-5637
1.130246,-2282,1294,-5698
1.131194,-2294,1274,-5710
1.132139,-2296,1298,-5641
1.133085,-2262,1296,-5644
1.134031,-2254,1282,-5717
1.134978,-2246,1260,-5615
1.135926,-2246,1258,-5654
1.13687,-2256,1228,-5574
1.137817,-2216,1284,-5617
1.138767,-2266,1286,-5616
1.13971,-2294,1264,-5603
1.140656,-2302,1284,-5613
1.141605,-2282,1276,-5684
1.142549,-2266,1278,-5593
1.143497,-2246,1292,-5705
1.144442,-2264,1272,-5690
1.145388,-2292,1278,-5634
1.146338,-2304,1332,-5638
1.147281,-2264,1292,-5650
1.148228,-2280,1306,-5704
1.149175,-2226,1282,-5662
1.150122,-2288,1338,-5747
1.151067,-2266,1278,-5618
1.152016,-2282,1318,-5664
1.15296,-2282,1316,-5650
1.153909,-2252,1274,-5580
1.154854,-2258,1270,-5727
1.155801,-2236,1314,-5707
1.156747,-2248,1332,-5704
1.157694,-2258,1270,-5662
1.158643,-2258,1314,-5609
1.159586,-2254,1284,-5636
1.160532,-2266,1290,-5680
1.16148,-2216,1264,-5643
1.162425,-2224,1302,-5643
1.163374,-2254,1318,-5561
1.164317,-2264,1322,-5699
1.165264,-2246,1304,-5650
1.16621,-2252,1354,-5617
1.167156,-2244,1274,-5648
1.168102,-2280,1292,-5615
1.169049,-2226,1332,-5581
1.169995,-2270,1298,-5591
1.170947,-2226,1334,-5686
1.171887,-2208,1330,-5642
1.172834,-2214,1312,-5638
1.173782,-2270,1348,-5589
1.174727,-2240,1346,-5628
1.175673,-2258,1332,-5624
1.176619,-2228,1292,-5651
1.177566,-2320,1336,-5693
1.178513,-2254,1350,-5609
1.179457,-2238,1340,-5662
1.180405,-2258,1344,-5695
1.181351,-2276,1314,-5655
1.182297,-2220,1320,-5722
1.183244,-2192,1374,-5736
1.184192,-2234,1386,-5644
1.18514,-2186,1308,-5692
1.186087,-2242,1340,-5683
1.18703,-2202,1282,-5635
1.187977,-2274,1290,-5645
1.188924,-2214,1344,-5590
1.189869,-2228,1342,-5593
1.19082,-2244,1348,-5606
1.191762,-2222,1356,-5617
1.192708,-2206,1324,-5581
1.193653,-2268,1356,-5618
1.194599,-2212,1288,-5667
1.195545,-2260,1344,-5677
1.196491,-2230,1354,-5597
1.197437,-2214,1342,-5663
1.198385,-2178,1270,-5627
1.199329,-2208,1336,-5708
1.200276,-2210,1350,-5645
1.201221,-2186,1354,-5721
1.202167,-2176,1390,-5611
1.203115,-2190,1284,-5686
1.204061,-2210,1288,-5704
1.205005,-2182,1320,-5694
1.205951,-2212,1358,-5725
1.206897,-2214,1328,-5654
1.207842,-2154,1316,-5639
1.20879,-2180,1316,-5634
1.209734,-2200,1338,-5657
1.210681,-2208,1356,-5670
1.211629,-2176,1382,-5636
1.212575,-2244,1410,-5671
1.213521,-2202,1390,-5584
1.226769,-2168,1388,-5635
1.227716,-2188,1374,-5702
1.228662,-2166,1390,-5621
1.229607,-2146,1374,-5733
1.230553,-2186,1336,-5595
1.231502,-2162,1362,-5690
1.232446,-2150,1386,-5636
1.233394,-2170,1404,-5609
1.234338,-2182,1404,-5621
1.235285,-2164,1366,-5547
1.236233,-2168,1432,-5648
1.237177,-2114,1388,-5646
1.238123,-2156,1382,-5634
1.23907,-2066,1346,-5632
1.240016,-2142,1366,-5527
1.240962,-2140,1384,-5645
1.241909,-2114,1418,-5586
1.242855,-2110,1392,-5667
1.243801,-2112,1386,-5646
1.244747,-2128,1368,-5684
1.245694,-2126,1352,-5607
1.24664,-2112,1394,-5662
1.247587,-2118,1410,-5597
1.248538,-2116,1378,-5641
1.249479,-2140,1348,-5634
1.250428,-2116,1412,-5644
1.251374,-2116,1406,-5582
1.25232,-2126,1424,-5612
1.253268,-2140,1434,-5661
1.254212,-2102,1412,-5622
1.255158,-2066,1436,-5611
1.256105,-2084,1428,-5628
1.257051,-2128,1414,-5591
1.257998,-2104,1440,-5635
1.258946,-2096,1424,-5637
1.25989,-2042,1350,-5587
1.260836,-2028,1344,-5563
1.261783,-2100,1444,-5561
1.26273,-2096,1444,-5553
1.263677,-2076,1390,-5560
1.264623,-1994,1418,-5594
1.265571,-2066,1408,-5623
1.266524,-2054,1416,-5677
1.267464,-2064,1472,-5631
1.268414,-2106,1398,-5683
1.269357,-2094,1448,-5625
1.270303,-2072,1432,-5604
1.271249,-2020,1382,-5623
1.272196,-2036,1406,-5574
1.273143,-2038,1484,-5607
1.27409,-2012,1428,-5559
1.275037,-2008,1432,-5598
1.275983,-2056,1418,-5598
1.276928,-2050,1432,-5594
1.277875,-2064,1452,-5580
1.278821,-2032,1454,-5604
1.279767,-2068,1456,-5655
1.280719,-2068,1468,-5581
1.281659,-2034,1436,-5643
1.282605,-2056,1456,-5628
1.283552,-2018,1438,-5752
1.284497,-2018,1448,-5645
1.285445,-2006,1406,-5694
1.286391,-2066,1456,-5639
1.28734,-2038,1432,-5599
1.288282,-2066,1450,-5668
1.289229,-2036,1460,-5753
1.290175,-2080,1464,-5646
1.291121,-2068,1484,-5663
1.292067,-2066,1490,-5710
1.293013,-2046,1460,-5663
1.293959,-2022,1438,-5727
1.294905,-2064,1470,-5751
1.295851,-2064,1520,-5743
1.296796,-2056,1498,-5703
1.297742,-2026,1520,-5724
1.298691,-2088,1496,-5791
1.299635,-2088,1520,-5701
1.300582,-2084,1478,-5718
1.301529,-2024,1522,-5752
1.302475,-2078,1542,-5697
1.303421,-2040,1476,-5727
1.304368,-2072,1486,-5756
1.305316,-2018,1468,-5734
1.306262,-2042,1488,-5708
1.307208,-2070,1512,-5727
1.308155,-2076,1482,-5735
1.3091,-2100,1514,-5753
1.310047,-2062,1502,-5704
1.310994,-2088,1480,-5706
1.311941,-2032,1506,-5724
1.312888,-2134,1530,-5756
1.313834,-2096,1508,-5729
1.31478,-2082,1504,-5706
1.315727,-2096,1482,-5727
1.316673,-2150,1512,-5721
1.317621,-2108,1496,-5715
1.31857,-2108,1498,-5764
1.68949,-2666,1342,-6611
1.690436,-2638,1258,-6726
1.691382,-2664,1344,-6605
1.692331,-2610,1326,-6696
1.693275,-2672,1292,-6695
1.694222,-2644,1304,-6678
1.695167,-2654,1262,-6658
1.696114,-2620,1296,-6711
1.69706,-2626,1266,-6734
1.698006,-2634,1246,-6692
1.698953,-2582,1238,-6722
1.699898,-2636,1284,-6790
1.700846,-2622,1238,-6756
1.701791,-2650,1272,-6739
1.702738,-2636,1242,-6674
1.703684,-2656,1262,-6704
1.898621,-2732,650,-6144
1.899568,-2766,656,-6095
1.900515,-2708,618,-6075
1.901461,-2694,648,-6065
1.90241,-2756,620,-5983
1.903355,-2682,576,-6051
1.904302,-2746,624,-6093
1.905248,-2754,624,-6093
1.906195,-2706,606,-6021
1.907142,-2754,608,-6078
1.908088,-2720,650,-6081
1.909035,-2756,632,-6007
1.909994,-2764,646,-5996
1.910929,-2748,688,-6007
1.911875,-2768,672,-6015
1.912822,-2790,694,-5977
1.971501,-2878,782,-5785
1.972447,-2900,790,-5896
1.973393,-2910,780,-5786
1.974342,-2898,794,-5857
1.975287,-2900,794,-5814
1.976232,-2862,774,-5855
1.977178,-2908,806,-5842
1.978126,-2870,762,-5806
1.979071,-2894,804,-5888
1.980017,-2892,812,-5774
1.980964,-2894,822,-5801
1.98191,-2894,832,-5815
1.982856,-2908,788,-5802
1.983803,-2944,824,-5878
1.98475,-2908,824,-5825
1.985696,-2884,834,-5782
2.005573,-2978,928,-5814
2.00652,-2926,908,-5783
2.007467,-2984,934,-5841
2.008413,-2982,910,-5777
2.009361,-2970,922,-5810
2.010309,-3002,908,-5815
2.011255,-2982,960,-5730
2.0122,-3018,886,-5796
2.013147,-2982,914,-5829
2.014095,-2998,932,-5872
2.015041,-2978,944,-5829
2.015994,-3002,968,-5813
2.016935,-3018,932,-5798
2.017882,-2974,982,-5858
2.018828,-3038,968,-5801
2.019775,-2978,940,-5788
2.05385,-3102,1094,-5723
2.054795,-3116,1080,-5785
2.055742,-3136,1066,-5775
2.056689,-3124,1094,-5799
2.057638,-3120,1096,-5799
2.058582,-3118,1074,-5811
2.059529,-3086,1116,-5863
2.060476,-3044,1052,-5801
2.061422,-3096,1060,-5739
2.062368,-3102,1056,-5754
2.063318,-3096,1094,-5826
2.064261,-3102,1124,-5774
2.065208,-3114,1110,-5896
2.066155,-3094,1124,-5779
2.067101,-3136,1138,-5772
2.068049,-3106,1104,-5754
2.071834,-3114,1122,-5834
2.072781,-3110,1132,-5832
2.073727,-3144,1154,-5858
2.074672,-3130,1124,-5822
2.075624,-3132,1140,-5774
2.076564,-3152,1136,-5848
2.077511,-3126,1126,-5912
2.078457,-3160,1152,-5812
2.079405,-3154,1194,-5755
2.080356,-3108,1168,-5806
2.081298,-3146,1150,-5813
2.082245,-3148,1156,-5767
2.083191,-3154,1198,-5849
2.084138,-3144,1186,-5839
2.085084,-3158,1192,-5777
2.086031,-3146,1218,-5829
2.086979,-3150,1158,-5804
2.087925,-3156,1116,-5848
2.088872,-3164,1158,-5850
2.089819,-3166,1162,-5767
2.090767,-3166,1170,-5898
2.091712,-3164,1182,-5825
2.092661,-3168,1182,-5836
2.093607,-3154,1210,-5850
2.094554,-3168,1220,-5907
2.095502,-3192,1208,-5828
2.096447,-3172,1190,-5891
2.097394,-3154,1192,-5820
2.09834,-3164,1210,-5916
2.099289,-3238,1176,-5844
2.100235,-3164,1196,-5902
2.10118,-3198,1194,-5807
2.102127,-3226,1216,-5831
2.103078,-3230,1230,-5812
2.10402,-3230,1162,-5820
2.104966,-3180,1186,-5885
2.105913,-3192,1198,-5875
2.106859,-3218,1150,-5876
2.107805,-3254,1178,-5846
2.108752,-3228,1190,-5765
2.109702,-3228,1224,-5846
2.110644,-3222,1238,-5862
2.111591,-3182,1216,-5880
2.112538,-3188,1214,-5861
2.113484,-3236,1244,-5866
2.114429,-3222,1224,-5884
2.115376,-3210,1202,-5938
2.116322,-3238,1244,-5848
2.117271,-3206,1268,-5835
2.118215,-3220,1252,-5921
2.119161,-3244,1258,-5843
2.120107,-3228,1262,-5901
2.121053,-3206,1218,-5868
2.122003,-3242,1230,-5935
2.122948,-3202,1212,-5892
2.123893,-3240,1234,-5893
2.124839,-3256,1252,-5947
2.125787,-3238,1202,-5968
2.126734,-3242,1224,-5913
2.12768,-3208,1230,-5903
2.128627,-3226,1228,-5976
2.129574,-3254,1232,-5954
2.13052,-3206,1214,-5858
2.131469,-3274,1206,-5928
2.132415,-3246,1198,-5937
2.13336,-3270,1236,-5892
2.134306,-3242,1244,-5931
2.135254,-3196,1250,-5911
2.136201,-3186,1226,-5909
2.137147,-3248,1262,-5968
2.138093,-3236,1280,-5975
2.13904,-3310,1238,-5919
2.139986,-3236,1228,-5879
2.140933,-3256,1256,-5982
2.141883,-3264,1258,-5953
2.142826,-3296,1298,-5979
2.143773,-3284,1260,-5951
2.144719,-3232,1234,-5961
2.150397,-3276,1264,-6016
2.151344,-3260,1222,-5963
2.152292,-3278,1268,-5995
2.153241,-3228,1216,-5992
2.154184,-3292,1262,-6026
2.155129,-3256,1234,-5986
2.156076,-3284,1250,-5930
2.157023,-3290,1248,-5916
2.157969,-3284,1230,-6015
2.158917,-3248,1244,-6087
2.159863,-3264,1242,-5996
2.160811,-3260,1234,-5972
2.161756,-3250,1246,-5957
2.162702,-3254,1244,-5959
2.16365,-3278,1248,-5981
2.164598,-3218,1232,-5987
2.165541,-3304,1228,-6000
2.166487,-3292,1238,-5994
2.167435,-3282,1270,-5981
2.168381,-3252,1280,-6011
2.169327,-3252,1258,-6006
2.170273,-3250,1262,-5964
2.171221,-3248,1222,-6003
2.172167,-3252,1244,-6021
2.173113,-3278,1210,-6011
2.174059,-3250,1172,-6034
2.175005,-3250,1246,-5942
2.175952,-3244,1250,-5991
2.176898,-3254,1174,-5976
2.177844,-3240,1208,-6076
2.17879,-3282,1156,-5961
2.179737,-3266,1198,-6011
2.180685,-3270,1202,-6015
2.18163,-3288,1188,-6023
2.182575,-3298,1224,-6057
2.183521,-3300,1238,-5919
2.184469,-3306,1222,-6001
2.185415,-3316,1234,-6008
2.186362,-3270,1244,-6014
2.187309,-3274,1202,-6001
2.188253,-3252,1198,-6004
2.1892,-3282,1202,-5932
2.190146,-3342,1256,-6044
2.191093,-3276,1232,-6040
2.192041,-3302,1230,-5996
2.192985,-3308,1280,-6009
2.193932,-3284,1236,-6031
2.194878,-3268,1236,-6038
2.195824,-3296,1226,-6050
2.196771,-3266,1244,-6025
2.197718,-3298,1254,-6026
2.198664,-3312,1212,-5978
2.19961,-3286,1216,-5973
2.200556,-3318,1260,-5971
2.201502,-3274,1264,-6042
2.202448,-3280,1226,-6003
2.2034,-3342,1210,-6023
2.204342,-3320,1214,-5990
2.205287,-3314,1214,-6021
2.206234,-3272,1246,-6095
2.207179,-3266,1194,-6015
2.208126,-3314,1166,-6062
2.209076,-3290,1202,-5958
2.210019,-3282,1188,-6109
2.210965,-3308,1220,-6119
2.211912,-3320,1164,-6113
2.212858,-3276,1170,-6081
2.213805,-3288,1216,-6064
2.214752,-3256,1230,-6085
2.215699,-3308,1210,-6113
2.216647,-3312,1224,-6136
2.217593,-3272,1206,-6006
2.218541,-3338,1234,-6033
2.219487,-3268,1220,-5995
2.220434,-3324,1214,-6064
2.221379,-3284,1222,-6011
2.222325,-3314,1188,-6015
2.223273,-3392,1204,-6041
2.22422,-3364,1214,-5970
2.225164,-3348,1172,-5963
2.226111,-3336,1200,-6020
2.227058,-3316,1186,-6061
2.228003,-3314,1216,-6047
2.228951,-3296,1250,-5989
2.229895,-3370,1210,-5987
2.23084,-3320,1212,-5968
2.231786,-3310,1218,-6119
2.232733,-3326,1154,-6063
2.233679,-3320,1202,-6029
2.234625,-3300,1208,-6044
2.235571,-3360,1222,-6028
2.23652,-3314,1240,-6069
2.237465,-3304,1240,-6066
2.238411,-3308,1186,-6095
2.239357,-3336,1218,-6156
2.240304,-3302,1188,-6019
2.24125,-3288,1208,-6049
2.242196,-3308,1158,-6029
2.243143,-3314,1170,-6089
2.24409,-3314,1194,-6061
2.252606,-3334,1178,-5997
2.253553,-3340,1206,-6107
2.254498,-3366,1148,-5955
2.255444,-3322,1170,-6052
2.256396,-3330,1174,-6035
2.257338,-3354,1218,-6075
2.258283,-3326,1202,-6113
2.259229,-3296,1190,-6081
2.260175,-3320,1186,-6043
2.261121,-3340,1178,-6037
2.262068,-3348,1190,-6033
2.263015,-3340,1198,-6086
2.263964,-3316,1176,-6090
2.264906,-3346,1160,-6127
2.265852,-3318,1216,-6016
2.266799,-3390,1190,-6031
2.267746,-3356,1150,-6162
2.268692,-3334,1154,-6073
2.269638,-3304,1174,-6116
2.270586,-3318,1194,-6105
2.271532,-3294,1208,-6090
2.272481,-3358,1202,-6107
2.273425,-3318,1194,-6101
2.274373,-3362,1174,-5974
2.275318,-3352,1196,-6025
2.276264,-3344,1204,-6117
2.27721,-3330,1156,-6078
2.278156,-3386,1158,-6022
2.279103,-3354,1220,-6027
2.280049,-3354,1162,-6093
2.280994,-3360,1222,-6047
2.281941,-3380,1212,-6126
2.282887,-3346,1164,-6057
2.283833,-3382,1180,-6032
2.28478,-3348,1194,-6078
2.285725,-3322,1172,-6013
2.286671,-3302,1186,-6113
2.287617,-3336,1186,-6057
2.288564,-3316,1134,-6091
2.28951,-3320,1154,-6011
2.290456,-3344,1124,-6108
2.291403,-3328,1180,-6096
2.292349,-3334,1174,-6108
2.293295,-3294,1176,-6028
2.294241,-3320,1156,-6028
2.295187,-3340,1164,-6081
2.296133,-3348,1170,-6114
2.29708,-3352,1140,-6146
2.298026,-3324,1182,-6119
2.298972,-3298,1200,-6067
2.299918,-3298,1128,-6047
2.300866,-3274,1196,-6023
2.301813,-3296,1156,-6120
2.302758,-3280,1170,-6110
2.303704,-3306,1138,-6102
2.30465,-3320,1198,-6154
2.305596,-3316,1178,-6028
2.306546,-3340,1208,-6032
2.307489,-3254,1160,-6042
2.308435,-3272,1158,-6168
2.309382,-3280,1178,-6124
2.310329,-3276,1168,-6134
2.311275,-3292,1164,-6097
2.312221,-3262,1178,-6148
2.313167,-3310,1164,-6072
2.314115,-3264,1188,-6182
2.315059,-3248,1148,-6165
2.316005,-3222,1142,-6200
2.316952,-3198,1174,-6185
2.317898,-3328,1126,-6147
2.318844,-3280,1164,-6165
2.31979,-3280,1230,-6210
2.320735,-3326,1160,-6172
2.321682,-3272,1160,-6182
2.322629,-3246,1170,-6194
2.323573,-3226,1202,-6143
2.324523,-3232,1210,-6167
2.325466,-3246,1158,-6075
2.326412,-3234,1180,-6165
2.327359,-3216,1186,-6206
2.328305,-3252,1188,-6156
2.329253,-3208,1184,-6160
2.330197,-3240,1206,-6133
2.331143,-3208,1194,-6195
2.332089,-3190,1200,-6120
2.333035,-3244,1186,-6127
2.333982,-3228,1228,-6172
2.334928,-3174,1192,-6146
2.335875,-3206,1172,-6206
2.336823,-3192,1218,-6144
2.337768,-3232,1168,-6175
2.338714,-3182,1178,-6245
2.33966,-3244,1200,-6154
2.340607,-3224,1170,-6099
2.341559,-3210,1184,-6189
2.3425,-3208,1192,-6164
2.343447,-3206,1210,-6129
2.344393,-3206,1214,-6209
2.359532,-3226,1220,-6202
2.360478,-3222,1202,-6211
2.361425,-3170,1254,-6250
2.36237,-3202,1200,-6248
2.363317,-3196,1242,-6221
2.364263,-3188,1248,-6263
2.365208,-3202,1188,-6198
2.366158,-3206,1240,-6215
2.367102,-3186,1236,-6224
2.368049,-3164,1194,-6244
2.368996,-3210,1212,-6141
2.369941,-3198,1254,-6212
2.370887,-3170,1242,-6197
2.371833,-3208,1256,-6167
2.37278,-3210,1246,-6249
2.373727,-3164,1244,-6310
2.374674,-3166,1208,-6276
2.375619,-3176,1218,-6293
2.376566,-3186,1214,-6283
2.377511,-3144,1236,-6328
2.378458,-3166,1170,-6315
2.379406,-3170,1212,-6288
2.380351,-3162,1246,-6300
2.381299,-3114,1222,-6247
2.382249,-3140,1240,-6385
2.38319,-3178,1204,-6250
2.384137,-3116,1216,-6292
2.385083,-3154,1228,-6333
2.386028,-3166,1238,-6269
2.386976,-3128,1260,-6300
2.387922,-3122,1250,-6220
2.388868,-3134,1240,-6284
2.389815,-3140,1234,-6238
2.390759,-3104,1244,-6413
2.391706,-3138,1214,-6313
2.392651,-3104,1290,-6338
2.393598,-3122,1212,-6369
2.394544,-3110,1230,-6352
2.39549,-3122,1228,-6320
2.396436,-3118,1262,-6323
2.397381,-3136,1210,-6345
2.398328,-3130,1224,-6291
2.399273,-3114,1232,-6283
2.40022,-3122,1178,-6422
2.401165,-3122,1180,-6315
2.402114,-3124,1234,-6403
2.403058,-3168,1220,-6362
2.404004,-3134,1264,-6313
2.404951,-3126,1202,-6321
2.405897,-3120,1214,-6377
2.406843,-3096,1276,-6346
2.407789,-3090,1260,-6314
2.408735,-3078,1228,-6293
2.409682,-3080,1266,-6414
2.410627,-3080,1234,-6403
2.411574,-3066,1234,-6394
2.41252,-3040,1216,-6429
2.413465,-3046,1202,-6398
2.414411,-3036,1222,-6402
2.415358,-3056,1222,-6436
2.416304,-3072,1240,-6479
2.417251,-3082,1212,-6459
2.418196,-3054,1214,-6455
2.419142,-3094,1224,-6407
2.42009,-3026,1182,-6435
2.421037,-3082,1206,-6433
2.421983,-3044,1216,-6493
2.422929,-3078,1250,-6486
2.423876,-3078,1212,-6440
2.424825,-3058,1246,-6431
2.425769,-3064,1266,-6442
2.426716,-3016,1302,-6412
2.427663,-3018,1252,-6479
2.428609,-3058,1186,-6466
2.429556,-3032,1238,-6475
2.430502,-3044,1196,-6469
2.431448,-3052,1256,-6425
2.432395,-3078,1204,-6400
2.433341,-3064,1238,-6468
2.434287,-3050,1260,-6514
2.435233,-3026,1270,-6456
2.43618,-3032,1204,-6509
2.437126,-3054,1232,-6481
2.438072,-3040,1194,-6534
2.439019,-3054,1206,-6535
2.439965,-3064,1170,-6559
2.440912,-3020,1236,-6536
2.441862,-3014,1236,-6500
2.442804,-3030,1206,-6532
2.443751,-3058,1222,-6530
2.444698,-3060,1184,-6478
2.445644,-3092,1242,-6480
2.44659,-3046,1228,-6575
2.447536,-3106,1248,-6636
2.448481,-3064,1216,-6581
2.449427,-3058,1180,-6497
2.450375,-3006,1160,-6571
2.451322,-3006,1196,-6516
2.452269,-3062,1182,-6566
2.461733,-3020,1116,-6627
2.46268,-3004,1182,-6619
2.463627,-3060,1166,-6608
2.464576,-3028,1208,-6612
2.465522,-3020,1208,-6631
2.466468,-2990,1128,-6632
2.467415,-3020,1124,-6641
2.468361,-2988,1150,-6746
2.469308,-2968,1164,-6658
2.470254,-2990,1124,-6627
2.471199,-2924,1124,-6695
2.472146,-2938,1108,-6666
2.473092,-2930,1128,-6709
2.474039,-3026,1100,-6726
2.474985,-2966,1096,-6722
2.475932,-2952,1124,-6755
2.476877,-3000,1130,-6667
2.477824,-3006,1114,-6732
2.478771,-2992,1102,-6667
2.479716,-3010,1062,-6648
2.480663,-2968,1060,-6693
2.481609,-2950,1080,-6676
2.482554,-2954,1068,-6617
2.4835,-2990,1090,-6699
2.48445,-2994,1014,-6688
2.485393,-2992,1074,-6754
2.486338,-2968,1044,-6714
2.487284,-3002,1018,-6702
2.488231,-2948,1010,-6797
2.48918,-2950,1044,-6747
2.490122,-2952,1010,-6820
2.491069,-3010,992,-6746
2.492015,-3002,1008,-6713
2.492961,-2984,1022,-6788
2.493907,-2972,1042,-6734
2.494853,-2976,1022,-6730
2.4958,-2966,1016,-6748
2.49675,-2984,992,-6815
2.497693,-2986,1004,-6773
2.498638,-3030,1016,-6823
2.499585,-2996,992,-6829
2.500533,-2984,984,-6901
2.501478,-3000,962,-6810
2.502423,-2966,988,-6795
2.503371,-3012,962,-6867
2.504317,-2980,1002,-6809
2.505263,-2972,976,-6829
2.50621,-3000,1000,-6827
2.507157,-2956,998,-6843
2.508103,-2914,964,-6819
2.509049,-2970,938,-6774
2.509995,-2928,916,-6758
2.510941,-2902,982,-6860
2.511889,-2980,934,-6829
2.512835,-2950,928,-6868
2.513782,-2942,924,-6935
2.514728,-2938,938,-6827
2.515674,-2956,866,-6856
2.516625,-2958,944,-6801
2.517567,-2934,910,-6839
2.518513,-2950,876,-6901
2.51946,-2922,870,-6865
2.520407,-2936,886,-6862
2.521354,-2960,880,-6878
2.522302,-2934,914,-6828
2.523248,-2920,904,-6872
2.524195,-2934,904,-6894
2.525142,-2968,910,-6859
2.526089,-2912,860,-6818
2.527035,-2960,872,-6935
2.527982,-2930,892,-6891
2.52893,-2932,932,-6890
2.529875,-2970,898,-6912
2.530821,-2940,862,-6921
2.531769,-2904,822,-6923
2.532715,-2936,796,-6861
2.533667,-2932,860,-6939
2.534609,-2944,862,-6870
2.535556,-2918,836,-6837
2.536503,-2910,878,-6888
2.537449,-2932,814,-6970
2.538396,-2918,806,-6917
2.539344,-2934,774,-6940
2.54029,-2944,788,-6951
2.541237,-2956,818,-6903
2.542183,-2996,834,-6912
2.543132,-2954,818,-6935
2.544077,-2968,836,-7018
2.55733,-2942,786,-6958
2.558279,-2952,744,-6990
2.559223,-2976,792,-7015
2.56017,-2946,742,-6983
2.561117,-2978,706,-6952
2.562064,-2988,738,-7019
2.56301,-2984,722,-6991
2.563957,-2944,708,-7025
2.564905,-2968,736,-7043
2.56585,-2962,744,-7050
2.566797,-3000,702,-7004
2.567744,-2976,682,-7114
2.56869,-2964,690,-6962
2.569637,-2968,694,-7008
2.570584,-2932,656,-6981
2.57153,-2900,686,-7003
2.572477,-2904,676,-7018
2.573423,-2888,676,-7061
2.574373,-2978,682,-7089
2.575321,-2934,634,-7062
2.576263,-2938,618,-7076
2.57721,-2918,652,-7027
2.578157,-2972,660,-7056
2.579107,-2882,614,-7043
2.580049,-2934,620,-7008
2.580997,-2944,596,-7013
2.581943,-2940,646,-6977
2.58289,-2936,586,-7098
2.583837,-2928,602,-7026
2.584785,-2922,602,-7085
2.585731,-2924,576,-6985
2.586676,-2926,584,-7048
2.587624,-2948,588,-7005
2.58857,-2900,638,-7014
2.589516,-2940,612,-7006
2.590467,-2896,580,-6966
2.591411,-2902,616,-7061
2.592358,-2936,580,-6999
2.593305,-2914,562,-7074
2.594251,-2924,576,-7015
2.595201,-2940,540,-7022
2.596143,-2884,556,-7002
2.59709,-2902,554,-7016
2.59804,-2896,536,-7101
2.598984,-2906,580,-7141
2.599932,-2922,540,-7045
2.600876,-2898,588,-7054
2.601824,-2924,556,-7072
2.602778,-2916,542,-7105
2.603718,-2884,528,-7038
2.604668,-2884,516,-7071
2.605611,-2922,540,-7089
2.606559,-2862,506,-7116
2.607504,-2872,536,-7086
2.608451,-2862,508,-7069
2.609398,-2866,554,-7029
2.610345,-2870,460,-7075
2.611291,-2872,536,-7042
2.612237,-2894,506,-7121
2.613184,-2882,484,-7050
2.61413,-2916,514,-7117
2.615077,-2876,494,-7080
2.616024,-2894,468,-7073
2.616972,-2884,512,-7054
2.617917,-2924,444,-7026
2.618864,-2846,454,-7131
2.61981,-2890,462,-7054
2.620757,-2870,422,-7073
2.621703,-2836,480,-7069
2.62265,-2870,420,-7130
2.623596,-2812,416,-7113
2.624544,-2838,476,-7053
2.625489,-2850,390,-7046
2.626435,-2860,402,-7057
2.627382,-2844,382,-7002
2.628329,-2880,436,-6964
2.629275,-2852,394,-6993
2.630223,-2828,412,-7000
2.63117,-2852,456,-7081
2.632118,-2840,376,-7115
2.633064,-2860,426,-7121
2.634011,-2844,356,-7042
2.634956,-2834,408,-7015
2.635903,-2818,356,-7008
2.63685,-2814,406,-7065
2.637796,-2844,402,-7075
2.638742,-2866,350,-7097
2.639689,-2838,348,-7042
2.640635,-2872,360,-7043
2.641584,-2834,340,-7050
2.642528,-2826,340,-7065
2.643475,-2828,384,-7045
2.644421,-2820,338,-7202
2.645368,-2826,346,-7086
2.646314,-2854,354,-7086
2.647261,-2898,300,-7054
2.648208,-2854,306,-7115
2.649154,-2830,290,-7057
2.6501,-2838,290,-7120
2.666199,-2814,258,-7109
2.667146,-2778,262,-7038
2.668092,-2806,244,-7091
2.669041,-2798,244,-7043
2.669986,-2772,222,-7148
2.670933,-2796,212,-7110
2.67188,-2772,214,-7091
2.672827,-2792,184,-7025
2.673775,-2798,186,-7097
2.674722,-2758,182,-7101
2.675668,-2796,228,-7095
2.676615,-2772,164,-7100
2.677563,-2806,176,-7086
2.678509,-2796,144,-7093
2.679456,-2736,138,-7037
2.680402,-2768,158,-7074
2.681352,-2762,174,-7122
2.682297,-2778,150,-7100
2.683245,-2768,142,-7046
2.684191,-2766,156,-7065
2.685137,-2796,150,-7087
2.686085,-2736,138,-7067
2.687032,-2744,142,-7149
2.687981,-2776,122,-7104
2.688925,-2782,170,-7021
2.689872,-2750,154,-7114
2.690819,-2758,156,-7094
2.691765,-2692,128,-7107
2.692712,-2722,132,-7042
2.693658,-2716,144,-7047
2.694606,-2698,126,-7080
2.695552,-2744,110,-7062
2.696499,-2766,144,-7075
2.697448,-2724,146,-7052
2.698393,-2752,112,-7126
2.699342,-2772,78,-7079
2.700291,-2788,66,-7143
2.701234,-2798,70,-7076
2.702184,-2720,16,-7084
2.703128,-2724,106,-7124
2.704074,-2738,64,-7088
2.705021,-2756,64,-7102
2.705967,-2746,20,-7112
2.706913,-2752,62,-7126
2.70786,-2760,76,-7074
2.708806,-2724,36,-7078
2.709759,-2728,54,-7035
2.7107,-2728,54,-7063
2.711647,-2686,4,-7114
2.712593,-2724,-30,-7143
2.713539,-2692,-10,-7078
2.714486,-2766,12,-7074
2.715432,-2722,8,-7049
2.71638,-2724,16,-7087
2.717325,-2714,-36,-7103
2.718272,-2712,-18,-7123
2.719219,-2680,8,-7155
2.720167,-2678,-46,-7048
2.721112,-2704,-56,-7093
2.72206,-2688,-72,-7034
2.723006,-2652,-42,-7064
2.723952,-2678,-78,-7099
2.724898,-2692,-72,-7112
2.725844,-2682,-64,-7088
2.726792,-2674,-76,-7061
2.727737,-2658,-76,-7071
2.728685,-2664,-56,-7144
2.729629,-2704,-102,-7127
2.730576,-2630,-110,-7070
2.731523,-2638,-120,-7079
2.732468,-2622,-170,-7052
2.733415,-2632,-138,-7097
2.734361,-2678,-140,-7090
2.735308,-2620,-122,-7090
2.736255,-2654,-122,-7117
2.7372,-2676,-174,-7162
2.738147,-2662,-152,-7159
2.739093,-2642,-144,-7121
2.740039,-2636,-186,-7167
2.740985,-2672,-154,-7080
2.741934,-2614,-158,-7127
2.742879,-2624,-164,-7094
2.743825,-2622,-198,-7103
2.744771,-2632,-180,-7011
2.745717,-2630,-194,-7081
2.746664,-2646,-186,-7103
2.74761,-2632,-204,-7152
2.748557,-2604,-202,-7113
2.749503,-2654,-166,-7073
2.762752,-2622,-268,-7151
2.763699,-2638,-258,-7023
2.764646,-2664,-320,-7202
2.765592,-2636,-274,-7150
2.76654,-2644,-300,-7132
2.767486,-2618,-298,-7122
2.768431,-2610,-344,-7108
2.769381,-2580,-340,-7104
2.770323,-2680,-312,-7118
2.771269,-2622,-352,-7029
2.772217,-2586,-308,-7133
2.773164,-2612,-340,-7089
2.774109,-2552,-388,-7102
2.775055,-2610,-378,-7057
2.776002,-2566,-348,-7129
2.776948,-2594,-374,-7014
2.777893,-2600,-384,-7045
2.778842,-2626,-362,-7057
2.779787,-2618,-400,-7008
2.780734,-2580,-434,-7047
2.781678,-2632,-398,-7070
2.782626,-2568,-406,-6996
2.783572,-2624,-462,-6969
2.784517,-2586,-428,-7054
2.785464,-2604,-434,-7015
2.786411,-2626,-436,-7041
2.787357,-2616,-440,-6997
2.788303,-2612,-478,-7019
2.789252,-2604,-488,-7000
2.790196,-2600,-496,-7018
2.791142,-2654,-488,-6945
2.792088,-2614,-460,-7024
2.793035,-2608,-506,-6989
2.793981,-2584,-498,-7030
2.794928,-2622,-516,-6971
2.795874,-2606,-488,-7042
2.796822,-2592,-478,-6972
2.797767,-2652,-532,-6908
2.798714,-2596,-544,-6960
2.799659,-2598,-524,-6958
2.800608,-2610,-552,-6966
2.801558,-2642,-550,-6910
2.802498,-2602,-580,-6954
2.803444,-2618,-558,-6923
2.804391,-2604,-604,-7001
2.805338,-2582,-586,-6970
2.806285,-2566,-584,-6935
2.807231,-2572,-602,-6907
2.808177,-2592,-576,-6956
2.809124,-2554,-578,-6914
2.81007,-2616,-620,-6939
2.811017,-2570,-616,-6994
2.811966,-2576,-640,-6886
2.812908,-2522,-640,-6946
2.813856,-2552,-636,-6964
2.814802,-2534,-642,-6906
2.815747,-2582,-638,-6849
2.816697,-2512,-638,-6996
2.817641,-2590,-652,-6950
2.818587,-2554,-622,-6914
2.819533,-2546,-666,-6879
2.820479,-2542,-640,-6894
2.821426,-2526,-676,-6937
2.822373,-2578,-694,-6914
2.82332,-2526,-702,-6882
2.824267,-2506,-708,-6827
2.825213,-2534,-678,-6876
2.826159,-2568,-700,-6882
2.827106,-2598,-736,-6864
2.828052,-2550,-728,-6903
2.829003,-2534,-730,-6842
2.829944,-2544,-774,-6854
2.830891,-2572,-714,-6864
2.831836,-2540,-712,-6854
2.832783,-2572,-758,-6851
2.83373,-2562,-754,-6857
2.834677,-2524,-770,-6812
2.835623,-2558,-764,-6844
2.836569,-2588,-782,-6801
2.837515,-2566,-760,-6820
2.838463,-2554,-790,-6863
2.83941,-2572,-824,-6866
2.840355,-2560,-806,-6812
2.841301,-2544,-820,-6844
2.842249,-2572,-844,-6851
2.843194,-2560,-824,-6751
2.844141,-2538,-816,-6809
2.845088,-2506,-820,-6806
2.846034,-2566,-858,-6833
2.84698,-2522,-796,-6785
2.847926,-2534,-846,-6831
2.848872,-2518,-858,-6681
2.849818,-2532,-866,-6702
2.850764,-2490,-880,-6733
2.85171,-2496,-870,-6672
2.852656,-2526,-852,-6734
2.853602,-2566,-880,-6705
2.854548,-2558,-898,-6719
2.855495,-2566,-894,-6733
2.877258,-2508,-974,-6633
2.878204,-2496,-988,-6595
2.879151,-2470,-986,-6579
2.880096,-2496,-1022,-6593
2.881042,-2520,-990,-6638
2.88199,-2556,-998,-6602
2.882938,-2526,-992,-6551
2.883883,-2492,-998,-6534
2.884829,-2464,-1016,-6557
2.885773,-2550,-1064,-6503
2.88672,-2472,-1066,-6564
2.887666,-2460,-1030,-6520
2.888613,-2492,-1014,-6601
2.889561,-2472,-1014,-6527
2.890505,-2506,-1064,-6513
2.891451,-2444,-1034,-6545
2.892398,-2486,-1046,-6629
2.893344,-2430,-1062,-6525
2.894293,-2468,-1038,-6536
2.895237,-2450,-1074,-6558
2.896183,-2466,-1068,-6566
2.89713,-2460,-1076,-6551
2.898076,-2522,-1086,-6551
2.899023,-2476,-1090,-6531
2.899969,-2498,-1058,-6449
2.900915,-2440,-1022,-6452
2.901862,-2476,-1098,-6489
2.902808,-2464,-1096,-6458
2.903755,-2474,-1144,-6500
2.904701,-2432,-1110,-6509
2.905648,-2508,-1062,-6448
2.906594,-2496,-1086,-6403
2.907541,-2468,-1124,-6497
2.908487,-2460,-1122,-6483
2.909434,-2480,-1086,-6466
2.910379,-2434,-1144,-6417
2.911327,-2414,-1112,-6368
2.912274,-2486,-1114,-6429
2.91322,-2420,-1142,-6406
2.914166,-2466,-1138,-6439
2.915114,-2466,-1134,-6412
2.91606,-2450,-1120,-6418
2.917008,-2448,-1152,-6389
2.917953,-2458,-1140,-6442
2.918901,-2476,-1138,-6324
2.919847,-2432,-1134,-6395
2.920794,-2436,-1120,-6389
2.921742,-2454,-1158,-6370
2.922687,-2450,-1146,-6387
2.923633,-2446,-1132,-6342
2.924581,-2450,-1210,-6383
2.925527,-2444,-1214,-6376
2.926473,-2454,-1186,-6376
2.92742,-2432,-1150,-6341
2.928367,-2458,-1170,-6357
2.929314,-2456,-1166,-6333
2.930261,-2466,-1198,-6330
2.93121,-2428,-1178,-6341
2.932155,-2426,-1168,-6327
2.933103,-2472,-1150,-6313
2.93405,-2458,-1160,-6338
2.934998,-2474,-1206,-6304
2.935946,-2468,-1218,-6262
2.936892,-2466,-1190,-6327
2.937838,-2472,-1158,-6338
2.938786,-2410,-1154,-6329
2.939732,-2444,-1208,-6286
2.940681,-2470,-1188,-6306
2.941626,-2454,-1204,-6299
2.942573,-2416,-1188,-6306
2.943523,-2438,-1164,-6288
2.944467,-2406,-1214,-6256
2.945413,-2416,-1180,-6333
2.94636,-2418,-1256,-6265
2.947307,-2420,-1188,-6205
2.948254,-2420,-1206,-6184
2.949201,-2412,-1244,-6232
2.950148,-2430,-1220,-6159
2.951095,-2440,-1176,-6262
2.952041,-2362,-1194,-6171
2.952988,-2402,-1156,-6209
2.953935,-2402,-1216,-6202
2.954882,-2360,-1202,-6256
2.984231,-2432,-1236,-6057
2.985182,-2410,-1226,-6036
2.986125,-2358,-1228,-6098
2.987073,-2416,-1228,-6061
2.988018,-2380,-1240,-5984
2.988966,-2378,-1184,-6168
2.989912,-2370,-1218,-6009
2.990859,-2356,-1226,-6063
2.991808,-2362,-1222,-6050
2.992752,-2398,-1196,-6090
2.993699,-2394,-1262,-6034
2.994646,-2372,-1188,-6050
2.995593,-2356,-1250,-6107
2.996545,-2370,-1212,-6051
2.997487,-2416,-1220,-5999
2.998433,-2396,-1220,-6017
2.99938,-2368,-1252,-5996
3.000326,-2416,-1212,-6091
3.001273,-2386,-1232,-6074
3.002221,-2398,-1216,-6032
3.003167,-2412,-1224,-6037
3.004114,-2390,-1206,-6055
3.005059,-2386,-1202,-5994
3.006006,-2404,-1232,-6002
3.006951,-2402,-1246,-6001
3.007898,-2374,-1188,-5996
3.008844,-2384,-1214,-6020
3.009791,-2386,-1190,-6017
3.010738,-2366,-1234,-6019
3.011685,-2406,-1200,-6059
3.012631,-2354,-1256,-6027
3.013579,-2386,-1230,-5948
3.014525,-2374,-1270,-5967
3.015472,-2412,-1274,-6025
3.016418,-2408,-1222,-5949
3.017365,-2366,-1234,-6025
3.018311,-2386,-1214,-6007
3.019258,-2370,-1290,-5987
3.020205,-2388,-1246,-5920
3.021151,-2400,-1246,-5896
3.022099,-2402,-1236,-5932
3.023045,-2386,-1244,-5982
3.023995,-2392,-1250,-5883
3.024937,-2382,-1240,-5937
3.025884,-2386,-1266,-5918
3.026831,-2414,-1264,-5967
3.027777,-2422,-1264,-5934
3.028726,-2378,-1270,-6037
3.02967,-2390,-1226,-5930
3.030618,-2346,-1264,-5860
3.031565,-2370,-1236,-5880
3.032511,-2354,-1226,-5864
3.033457,-2344,-1234,-5886
3.034403,-2344,-1236,-5867
3.035351,-2392,-1264,-5888
3.036298,-2362,-1256,-5892
3.037243,-2380,-1230,-5944
3.03819,-2388,-1230,-5897
3.039136,-2392,-1236,-5949
3.040082,-2362,-1236,-5857
3.041032,-2348,-1232,-5837
3.041975,-2344,-1244,-5848
3.042921,-2396,-1278,-5905
3.043869,-2346,-1204,-5890
3.044814,-2384,-1294,-5903
3.045761,-2362,-1250,-5930
3.046707,-2372,-1256,-5944
3.047653,-2376,-1262,-5885
3.0486,-2352,-1262,-5930
3.049546,-2354,-1268,-5878
3.050494,-2372,-1218,-5849
3.05144,-2374,-1268,-5887
3.052387,-2350,-1284,-5844
3.053333,-2338,-1286,-5907
3.05428,-2338,-1232,-5873
3.055228,-2348,-1244,-5854
3.056175,-2324,-1268,-5853
3.05712,-2368,-1246,-5824
3.058067,-2374,-1252,-5841
3.059014,-2358,-1244,-5827
3.076061,-2328,-1244,-5828
3.077008,-2380,-1254,-5826
3.077954,-2392,-1246,-5767
3.078901,-2378,-1274,-5751
3.079848,-2364,-1278,-5886
3.080795,-2386,-1240,-5913
3.081741,-2366,-1264,-5887
3.082695,-2382,-1260,-5893
3.083635,-2382,-1242,-5853
3.084582,-2332,-1274,-5827
3.085528,-2364,-1264,-5792
3.086475,-2332,-1256,-5783
3.087422,-2368,-1264,-5846
3.088369,-2378,-1262,-5717
3.089319,-2370,-1238,-5816
3.090262,-2380,-1222,-5835
3.091209,-2352,-1240,-5821
3.092157,-2340,-1272,-5773
3.093103,-2352,-1222,-5788
3.094051,-2360,-1268,-5762
3.094996,-2380,-1256,-5821
3.095942,-2380,-1274,-5848
3.096894,-2356,-1250,-5816
3.097836,-2368,-1250,-5824
3.098782,-2314,-1278,-5800
3.099728,-2392,-1240,-5810
3.100675,-2390,-1236,-5829
3.101622,-2364,-1280,-5723
3.10257,-2384,-1258,-5749
3.103515,-2364,-1272,-5743
3.104463,-2368,-1266,-5830
3.105413,-2394,-1258,-5744
3.106355,-2406,-1270,-5801
3.107302,-2408,-1246,-5762
3.108248,-2324,-1276,-5761
3.109195,-2378,-1294,-5854
3.110141,-2384,-1268,-5804
3.111088,-2356,-1260,-5837
3.112038,-2378,-1280,-5820
3.112982,-2384,-1220,-5769
3.113928,-2402,-1256,-5804
3.114874,-2412,-1254,-5775
3.11582,-2374,-1252,-5864
3.116771,-2376,-1266,-5791
3.117714,-2318,-1256,-5855
3.118662,-2390,-1256,-5803
3.119608,-2328,-1294,-5785
3.120554,-2364,-1250,-5791
3.121501,-2348,-1276,-5726
3.122448,-2334,-1244,-5732
3.123394,-2372,-1284,-5747
3.124341,-2390,-1224,-5805
3.125287,-2358,-1266,-5775
3.126234,-2358,-1224,-5821
3.127181,-2348,-1278,-5787
3.128127,-2390,-1250,-5852
3.129075,-2378,-1262,-5855
3.130021,-2374,-1264,-5834
3.130968,-2380,-1262,-5849
3.131918,-2364,-1308,-5780
3.132861,-2358,-1246,-5817
3.133811,-2370,-1282,-5827
3.134754,-2382,-1246,-5764
3.135701,-2350,-1202,-5745
3.136647,-2328,-1244,-5752
3.137595,-2358,-1266,-5838
3.138541,-2342,-1272,-5774
3.139489,-2356,-1246,-5802
3.140433,-2354,-1242,-5722
3.141381,-2340,-1228,-5793
3.142332,-2370,-1220,-5755
3.143273,-2352,-1214,-5751
3.14422,-2322,-1220,-5846
3.145165,-2318,-1242,-5793
3.146112,-2358,-1252,-5753
3.147058,-2370,-1248,-5809
3.148006,-2354,-1222,-5803
3.14895,-2396,-1228,-5817
3.149897,-2370,-1282,-5782
3.150843,-2394,-1270,-5793
3.15179,-2390,-1268,-5755
3.152736,-2348,-1234,-5809
3.153686,-2360,-1252,-5798
3.154629,-2342,-1226,-5738
3.155575,-2338,-1252,-5843
3.156522,-2346,-1260,-5830
3.157468,-2408,-1252,-5861
3.158415,-2376,-1276,-5816
3.15936,-2318,-1228,-5754
3.160306,-2372,-1246,-5692
3.161255,-2358,-1302,-5783
3.162199,-2338,-1250,-5758
3.163145,-2374,-1258,-5744
3.164092,-2380,-1244,-5762
3.165038,-2360,-1274,-5736
3.22373,-2366,-1274,-5693
3.224672,-2418,-1254,-5724
3.22562,-2376,-1248,-5655
3.226566,-2382,-1234,-5757
3.227512,-2388,-1250,-5718
3.22846,-2358,-1244,-5704
3.229405,-2368,-1210,-5719
3.230351,-2384,-1272,-5694
3.231297,-2352,-1242,-5703
3.232244,-2400,-1254,-5754
3.23319,-2370,-1254,-5720
3.234136,-2372,-1234,-5709
3.235084,-2344,-1250,-5679
3.236029,-2368,-1236,-5649
3.236975,-2370,-1250,-5673
3.237922,-2378,-1274,-5668
3.238869,-2362,-1260,-5720
3.394087,-2396,-1268,-5702
3.395034,-2334,-1256,-5726
3.395981,-2356,-1282,-5676
3.396926,-2338,-1286,-5693
3.397872,-2350,-1284,-5731
3.398819,-2372,-1300,-5791
3.399764,-2318,-1256,-5719
3.40071,-2348,-1312,-5679
3.401657,-2380,-1260,-5788
3.402603,-2360,-1272,-5695
3.40355,-2356,-1234,-5668
3.404496,-2346,-1270,-5754
3.405441,-2400,-1244,-5747
3.406389,-2408,-1310,-5691
3.407341,-2374,-1292,-5686
3.408283,-2336,-1226,-5739
3.409229,-2372,-1264,-5686
3.630725,-2354,-1294,-5676
3.631672,-2318,-1262,-5688
3.632618,-2282,-1240,-5744
3.633565,-2320,-1278,-5688
3.634511,-2330,-1282,-5674
3.635459,-2344,-1312,-5729
3.636404,-2324,-1298,-5707
3.637351,-2322,-1282,-5774
3.638299,-2350,-1288,-5651
3.639245,-2312,-1286,-5649
3.640193,-2340,-1276,-5729
3.641138,-2316,-1254,-5717
3.642084,-2410,-1280,-5722
3.643031,-2324,-1304,-5674
3.643977,-2340,-1272,-5747
3.644925,-2330,-1282,-5724
3.645871,-2334,-1296,-5771
3.889136,-2338,-1258,-5797
3.890084,-2336,-1308,-5828
3.891029,-2350,-1270,-5792
3.891976,-2334,-1308,-5742
3.892922,-2344,-1282,-5765
3.89387,-2346,-1318,-5828
3.894817,-2372,-1268,-5720
3.895761,-2304,-1288,-5744
3.896707,-2366,-1316,-5752
3.897655,-2360,-1274,-5754
3.898601,-2350,-1280,-5781
3.899548,-2332,-1304,-5754
3.900494,-2356,-1262,-5772
3.901441,-2368,-1284,-5781
3.902388,-2328,-1304,-5719
3.903338,-2326,-1308,-5745
3.930789,-2376,-1304,-5792
3.931735,-2364,-1268,-5758
3.932682,-2352,-1314,-5750
3.933627,-2362,-1312,-5724
3.934574,-2316,-1284,-5770
3.935521,-2374,-1256,-5721
3.936467,-2346,-1312,-5756
3.937416,-2322,-1258,-5711
3.93836,-2320,-1246,-5707
3.939308,-2364,-1294,-5746
3.940254,-2370,-1288,-5686
3.941202,-2320,-1268,-5702
3.942147,-2346,-1298,-5705
3.943094,-2340,-1274,-5756
3.944041,-2382,-1262,-5685
3.944988,-2356,-1234,-5815
3.945937,-2402,-1274,-5796
3.94688,-2308,-1270,-5748
3.947827,-2314,-1280,-5768
3.948774,-2346,-1292,-5774
3.949721,-2364,-1292,-5734
3.950668,-2332,-1318,-5716
3.951613,-2348,-1248,-5813
3.95256,-2314,-1282,-5842
3.953507,-2372,-1260,-5784
3.954453,-2322,-1286,-5730
3.955399,-2350,-1284,-5765
3.956345,-2350,-1294,-5767
3.957292,-2344,-1292,-5646
3.958243,-2332,-1304,-5686
3.959186,-2368,-1280,-5729
3.960133,-2362,-1308,-5681
3.96108,-2344,-1330,-5715
3.962027,-2360,-1280,-5737
3.96298,-2330,-1314,-5731
3.963921,-2342,-1320,-5722
3.964869,-2326,-1272,-5714
3.965814,-2356,-1280,-5811
3.966761,-2358,-1244,-5739
3.967707,-2358,-1250,-5722
3.968654,-2344,-1314,-5783
3.969601,-2370,-1270,-5777
3.970547,-2364,-1282,-5769
3.971494,-2364,-1314,-5693
3.97244,-2352,-1302,-5794
3.973387,-2350,-1280,-5758
3.974333,-2382,-1290,-5700
3.975279,-2364,-1264,-5802
3.976225,-2374,-1308,-5726
3.977172,-2340,-1324,-5769
3.978119,-2346,-1274,-5815
3.997999,-2350,-1300,-5693
3.998946,-2318,-1288,-5673
3.999893,-2342,-1264,-5709
4.00084,-2390,-1260,-5736
4.001789,-2376,-1318,-5647
4.002734,-2322,-1316,-5689
4.003683,-2352,-1274,-5732
4.004636,-2358,-1304,-5824
4.005576,-2358,-1308,-5799
4.006522,-2312,-1308,-5780
4.00747,-2320,-1302,-5705
4.008419,-2364,-1272,-5731
4.009362,-2308,-1276,-5775
4.01031,-2332,-1288,-5698
4.011255,-2334,-1296,-5742
4.012203,-2366,-1282,-5731
4.013149,-2362,-1280,-5797
4.014096,-2398,-1262,-5760
4.015042,-2354,-1286,-5740
4.015989,-2354,-1288,-5734
4.016936,-2382,-1268,-5810
4.017883,-2338,-1236,-5723
4.01883,-2340,-1292,-5725
4.019777,-2376,-1292,-5731
4.020724,-2350,-1278,-5723
4.021672,-2344,-1288,-5717
4.022616,-2368,-1290,-5719
4.023565,-2356,-1272,-5696
4.024514,-2366,-1250,-5760
4.025457,-2308,-1256,-5665
4.026404,-2292,-1264,-5744
4.027355,-2360,-1288,-5754
4.028298,-2366,-1288,-5702
4.029246,-2324,-1274,-5732
4.030194,-2342,-1296,-5796
4.03114,-2340,-1280,-5679
4.032088,-2316,-1294,-5749
4.033036,-2354,-1304,-5726
4.033982,-2370,-1292,-5755
4.034928,-2356,-1282,-5781
4.035877,-2326,-1254,-5710
4.036823,-2344,-1278,-5729
4.03777,-2288,-1292,-5702
4.03872,-2340,-1252,-5708
4.039663,-2354,-1284,-5703
4.040611,-2358,-1284,-5780
4.041563,-2348,-1274,-5682
4.042505,-2302,-1274,-5657
4.043454,-2332,-1308,-5763
4.044399,-2322,-1286,-5685
4.045346,-2316,-1292,-5728
4.046292,-2354,-1290,-5710
4.04724,-2388,-1272,-5728
4.048187,-2326,-1280,-5775
4.049135,-2384,-1300,-5725
4.050082,-2344,-1296,-5697
4.051027,-2362,-1282,-5650
4.051974,-2394,-1272,-5779
4.05292,-2358,-1276,-5718
4.053868,-2352,-1272,-5729
4.054815,-2376,-1290,-5698
4.055761,-2356,-1270,-5729
4.056708,-2376,-1292,-5645
4.057655,-2316,-1284,-5747
4.058603,-2386,-1276,-5670
4.05955,-2392,-1284,-5801
4.060497,-2374,-1274,-5726
4.061444,-2378,-1300,-5741
4.062391,-2308,-1280,-5773
4.063338,-2364,-1264,-5726
4.064285,-2300,-1308,-5738
4.065233,-2336,-1280,-5723
4.066178,-2336,-1230,-5754
4.067125,-2300,-1248,-5694
4.068071,-2344,-1270,-5739
4.069018,-2310,-1266,-5749
4.069969,-2308,-1238,-5627
4.070912,-2326,-1248,-5703
4.071858,-2318,-1260,-5708
4.072804,-2316,-1242,-5731
4.073751,-2314,-1274,-5716
4.074706,-2308,-1206,-5708
4.075646,-2370,-1242,-5733
4.076593,-2344,-1264,-5712
4.07754,-2328,-1238,-5710
4.078486,-2332,-1262,-5746
4.079434,-2334,-1232,-5662
4.08038,-2354,-1256,-5707
4.081326,-2340,-1288,-5664
4.093633,-2338,-1252,-5749
4.094581,-2350,-1248,-5734
4.095527,-2290,-1270,-5778
4.096472,-2342,-1296,-5716
4.097421,-2282,-1312,-5707
4.098368,-2352,-1302,-5814
4.099317,-2370,-1286,-5729
4.100261,-2320,-1258,-5708
4.101208,-2330,-1260,-5746
4.102156,-2322,-1282,-5793
4.103103,-2350,-1324,-5691
4.10405,-2352,-1260,-5708
4.104996,-2370,-1254,-5702
4.105943,-2372,-1266,-5749
4.10689,-2336,-1264,-5758
4.107837,-2344,-1250,-5733
4.108784,-2348,-1266,-5727
4.109731,-2378,-1306,-5671
4.110678,-2352,-1342,-5763
4.111624,-2386,-1294,-5729
4.112571,-2398,-1292,-5735
4.113517,-2342,-1306,-5750
4.114464,-2330,-1286,-5683
4.115411,-2328,-1312,-5708
4.11636,-2348,-1278,-5768
4.117304,-2360,-1302,-5725
4.11825,-2374,-1306,-5734
4.119197,-2338,-1266,-5670
4.120144,-2374,-1270,-5728
4.121096,-2340,-1270,-5705
4.122037,-2338,-1266,-5719
4.122984,-2386,-1296,-5704
4.123932,-2330,-1306,-5686
4.124879,-2340,-1302,-5707
4.125827,-2346,-1322,-5734
4.126774,-2330,-1290,-5712
4.127721,-2344,-1290,-5661
4.128668,-2358,-1304,-5776
4.129614,-2306,-1348,-5722
4.130562,-2346,-1364,-5716
4.131508,-2336,-1300,-5710
4.132457,-2348,-1332,-5734
4.133402,-2346,-1300,-5787
4.134349,-2318,-1312,-5747
4.135295,-2368,-1304,-5726
4.136243,-2328,-1304,-5720
4.137189,-2354,-1314,-5772
4.138136,-2358,-1260,-5692
4.139082,-2368,-1242,-5690
4.140029,-2338,-1268,-5667
4.140976,-2408,-1288,-5773
4.141922,-2324,-1272,-5732
4.142869,-2344,-1304,-5711
4.143817,-2356,-1278,-5742
4.144764,-2366,-1290,-5741
4.145713,-2356,-1288,-5661
4.146656,-2352,-1286,-5728
4.147603,-2354,-1260,-5726
4.148551,-2370,-1294,-5728
4.149497,-2388,-1258,-5758
4.150445,-2322,-1262,-5779
4.151392,-2316,-1268,-5736
4.152338,-2348,-1280,-5792
4.153285,-2336,-1256,-5724
4.154232,-2354,-1300,-5730
4.155181,-2360,-1304,-5754
4.156126,-2342,-1312,-5784
4.157073,-2372,-1296,-5688
4.158019,-2348,-1246,-5704
4.158967,-2362,-1258,-5687
4.159916,-2378,-1272,-5677
4.160861,-2386,-1274,-5731
4.161807,-2358,-1276,-5689
4.162755,-2340,-1220,-5728
4.163702,-2322,-1242,-5706
4.164649,-2340,-1256,-5673
4.165596,-2378,-1262,-5767
4.166542,-2348,-1262,-5672
4.16749,-2348,-1242,-5735
4.168436,-2380,-1288,-5660
4.169384,-2362,-1274,-5639
4.17033,-2330,-1258,-5665
4.171277,-2346,-1306,-5760
4.172225,-2330,-1282,-5754
4.173172,-2368,-1286,-5638
4.17412,-2318,-1254,-5726
4.175067,-2368,-1258,-5739
4.176014,-2406,-1270,-5645
4.176961,-2354,-1238,-5701
4.177908,-2394,-1288,-5695
4.178855,-2328,-1242,-5670
4.179802,-2326,-1280,-5745
4.180749,-2356,-1296,-5676
4.181695,-2334,-1288,-5701
4.182642,-2376,-1266,-5727
4.183588,-2358,-1274,-5756
4.184534,-2360,-1252,-5696
4.185482,-2326,-1288,-5684
4.202523,-2336,-1276,-5719
4.20347,-2340,-1262,-5725
4.204417,-2304,-1268,-5704
4.205363,-2330,-1282,-5713
4.206314,-2344,-1328,-5719
4.207259,-2344,-1278,-5764
4.208205,-2340,-1290,-5742
4.209151,-2288,-1276,-5672
4.210097,-2310,-1266,-5697
4.211044,-2302,-1248,-5702
4.211992,-2312,-1282,-5683
4.212938,-2326,-1328,-5762
4.213887,-2334,-1298,-5675
4.214832,-2324,-1284,-5797
4.21578,-2310,-1260,-5759
4.216726,-2322,-1266,-5707
4.217673,-2320,-1266,-5659
4.218619,-2302,-1252,-5637
4.219567,-2314,-1278,-5650
4.220517,-2374,-1302,-5709
4.221461,-2352,-1288,-5718
4.222409,-2354,-1278,-5774
4.223356,-2350,-1280,-5735
4.224302,-2366,-1270,-5705
4.225249,-2340,-1254,-5750
4.226195,-2354,-1260,-5677
4.227143,-2312,-1198,-5662
4.228089,-2286,-1260,-5683
4.229035,-2290,-1268,-5688
4.229982,-2276,-1264,-5657
4.230928,-2306,-1280,-5659
4.231875,-2324,-1290,-5614
4.232822,-2318,-1314,-5638
4.233769,-2316,-1284,-5612
4.234717,-2330,-1220,-5687
4.235664,-2364,-1270,-5703
4.236609,-2326,-1284,-5698
4.237556,-2398,-1262,-5705
4.238503,-2346,-1246,-5707
4.239449,-2360,-1274,-5754
4.240396,-2378,-1252,-5742
4.241343,-2298,-1240,-5685
4.242291,-2332,-1290,-5731
4.243235,-2340,-1282,-5701
4.244182,-2364,-1292,-5687
4.245129,-2336,-1306,-5629
4.246078,-2320,-1262,-5701
4.247023,-2332,-1246,-5656
4.247972,-2284,-1228,-5632
4.248917,-2332,-1216,-5596
4.249863,-2326,-1216,-5690
4.250809,-2296,-1274,-5704
4.251755,-2312,-1264,-5684
4.252704,-2358,-1288,-5640
4.253649,-2322,-1290,-5728
4.254596,-2262,-1272,-5682
4.255548,-2340,-1256,-5721
4.25649,-2270,-1252,-5722
4.257439,-2328,-1270,-5656
4.258381,-2332,-1266,-5784
4.259327,-2332,-1264,-5674
4.260275,-2298,-1262,-5731
4.261221,-2308,-1262,-5700
4.26217,-2290,-1282,-5684
4.263115,-2292,-1266,-5754
4.264062,-2328,-1308,-5753
4.265008,-2318,-1290,-5676
4.265956,-2330,-1274,-5717
4.266902,-2348,-1300,-5692
4.267848,-2374,-1258,-5691
4.268794,-2388,-1258,-5677
4.26974,-2336,-1258,-5635
4.270687,-2352,-1270,-5656
4.271634,-2320,-1246,-5749
4.27258,-2350,-1250,-5668
4.273526,-2330,-1284,-5725
4.274476,-2322,-1276,-5719
4.27542,-2336,-1250,-5744
4.276367,-2304,-1250,-5678
4.277314,-2318,-1264,-5707
4.278261,-2286,-1262,-5644
4.279212,-2358,-1314,-5718
4.280154,-2320,-1268,-5642
4.2811,-2322,-1246,-5645
4.282047,-2332,-1220,-5634
4.282994,-2298,-1188,-5618
4.28394,-2356,-1246,-5678
4.284888,-2318,-1288,-5621
4.285834,-2342,-1270,-5633
4.286781,-2270,-1254,-5710
4.287727,-2326,-1284,-5673
4.30098,-2302,-1310,-5698
4.301927,-2306,-1260,-5719
4.302875,-2320,-1240,-5723
4.303823,-2330,-1248,-5687
4.304769,-2298,-1234,-5663
4.305715,-2302,-1288,-5694
4.306661,-2300,-1260,-5700
4.307606,-2304,-1270,-5712
4.308553,-2302,-1306,-5734
4.3095,-2304,-1284,-5695
4.310446,-2342,-1262,-5754
4.311394,-2330,-1276,-5708
4.31234,-2314,-1278,-5654
4.313285,-2326,-1310,-5703
4.314233,-2326,-1314,-5662
4.315178,-2346,-1268,-5749
4.316129,-2370,-1256,-5675
4.317072,-2348,-1270,-5675
4.318018,-2320,-1280,-5674
4.318964,-2344,-1262,-5657
4.319911,-2298,-1262,-5735
4.320857,-2274,-1286,-5654
4.321804,-2324,-1246,-5776
4.32275,-2348,-1274,-5669
4.323697,-2348,-1270,-5656
4.324642,-2310,-1262,-5655
4.325589,-2306,-1270,-5679
4.326537,-2342,-1292,-5635
4.327482,-2352,-1276,-5702
4.328428,-2356,-1272,-5640
4.329374,-2360,-1248,-5745
4.33032,-2310,-1280,-5683
4.331268,-2352,-1252,-5636
4.332212,-2334,-1218,-5649
4.333157,-2330,-1252,-5778
4.334104,-2284,-1254,-5705
4.33505,-2340,-1236,-5662
4.335996,-2312,-1316,-5670
4.336942,-2330,-1256,-5674
4.337888,-2330,-1246,-5615
4.338836,-2348,-1274,-5679
4.339782,-2338,-1288,-5684
4.340728,-2322,-1308,-5695
4.341675,-2306,-1266,-5730
4.342621,-2348,-1274,-5780
4.343568,-2328,-1296,-5757
4.344514,-2340,-1278,-5753
4.34546,-2360,-1270,-5747
4.346406,-2326,-1258,-5695
4.347352,-2358,-1274,-5696
4.348299,-2324,-1280,-5720
4.349247,-2316,-1260,-5789
4.350193,-2318,-1288,-5714
4.351139,-2304,-1276,-5760
4.352085,-2292,-1278,-5739
4.353033,-2298,-1224,-5722
4.353981,-2360,-1294,-5726
4.354924,-2330,-1288,-5647
4.355871,-2290,-1292,-5639
4.356817,-2370,-1264,-5700
4.357763,-2316,-1244,-5701
4.358712,-2340,-1252,-5667
4.359656,-2326,-1280,-5691
4.360604,-2338,-1316,-5689
4.361553,-2312,-1284,-5739
4.362496,-2338,-1252,-5740
4.363443,-2340,-1254,-5695
4.364389,-2328,-1270,-5650
4.365338,-2292,-1268,-5657
4.366282,-2318,-1276,-5715
4.367228,-2322,-1322,-5777
4.368175,-2328,-1310,-5679
4.369122,-2302,-1330,-5681
4.370068,-2360,-1264,-5735
4.371016,-2300,-1304,-5725
4.371963,-2326,-1336,-5731
4.37291,-2332,-1282,-5702
4.373856,-2316,-1292,-5756
4.374804,-2354,-1280,-5659
4.375753,-2304,-1248,-5704
4.376697,-2280,-1266,-5717
4.377643,-2310,-1288,-5726
4.378589,-2364,-1272,-5694
4.379536,-2336,-1268,-5696
4.380483,-2306,-1290,-5630
4.381429,-2294,-1306,-5724
4.382375,-2272,-1280,-5679
4.383323,-2324,-1306,-5736
4.384269,-2334,-1272,-5664
4.385216,-2328,-1298,-5725
4.386162,-2360,-1316,-5685
4.387108,-2348,-1314,-5730
4.388055,-2348,-1294,-5690
4.389001,-2278,-1284,-5723
4.389948,-2318,-1274,-5776
4.390897,-2276,-1286,-5652
4.391841,-2308,-1256,-5661
4.392788,-2278,-1314,-5701
4.393734,-2288,-1310,-5647
4.406984,-2312,-1298,-5725
4.407933,-2338,-1248,-5798
4.408877,-2308,-1288,-5675
4.409824,-2320,-1250,-5688
4.410771,-2314,-1290,-5726
4.411718,-2332,-1288,-5743
4.412665,-2340,-1296,-5739
4.413611,-2318,-1280,-5718
4.414559,-2310,-1286,-5674
4.415505,-2358,-1288,-5717
4.416452,-2326,-1298,-5711
4.417398,-2284,-1308,-5773
4.418347,-2312,-1268,-5784
4.419293,-2332,-1302,-5711
4.420239,-2306,-1260,-5762
4.421187,-2304,-1276,-5714
4.422132,-2338,-1264,-5781
4.423081,-2338,-1262,-5723
4.424026,-2348,-1300,-5693
4.424974,-2360,-1298,-5658
4.42592,-2328,-1290,-5742
4.426867,-2324,-1278,-5646
4.427815,-2298,-1306,-5686
4.428761,-2322,-1304,-5760
4.429707,-2370,-1286,-5745
4.430661,-2360,-1276,-5732
4.431602,-2300,-1292,-5748
4.432548,-2346,-1272,-5737
4.433495,-2358,-1292,-5764
4.434442,-2336,-1288,-5823
4.435388,-2336,-1254,-5779
4.436338,-2322,-1310,-5690
4.437282,-2328,-1316,-5760
4.438228,-2328,-1304,-5716
4.439175,-2358,-1332,-5783
4.440122,-2342,-1280,-5704
4.441069,-2330,-1296,-5668
4.442018,-2298,-1264,-5718
4.442962,-2302,-1334,-5702
4.443908,-2324,-1248,-5755
4.444857,-2330,-1276,-5673
4.445803,-2306,-1304,-5734
4.44675,-2306,-1264,-5704
4.447697,-2294,-1290,-5703
4.448642,-2304,-1260,-5708
4.449588,-2312,-1274,-5682
4.450536,-2320,-1286,-5659
4.451483,-2328,-1278,-5747
4.452428,-2346,-1278,-5715
4.453374,-2348,-1292,-5666
4.454324,-2332,-1262,-5661
4.455269,-2360,-1260,-5810
4.456216,-2316,-1306,-5792
4.457163,-2326,-1250,-5654
4.45811,-2348,-1278,-5718
4.45906,-2342,-1330,-5781
4.460002,-2346,-1336,-5782
4.460949,-2380,-1258,-5732
4.461895,-2352,-1252,-5744
4.462842,-2326,-1274,-5733
4.463789,-2332,-1226,-5770
4.464736,-2326,-1244,-5730
4.465683,-2312,-1298,-5692
4.46663,-2318,-1276,-5764
4.467576,-2382,-1278,-5687
4.468524,-2344,-1250,-5697
4.469471,-2406,-1274,-5743
4.470417,-2356,-1304,-5708
4.471363,-2330,-1214,-5765
4.472311,-2342,-1266,-5742
4.473257,-2320,-1280,-5639
4.474204,-2318,-1302,-5719
4.47515,-2296,-1280,-5713
4.476096,-2328,-1262,-5741
4.477042,-2358,-1240,-5696
4.477989,-2308,-1262,-5753
4.478936,-2294,-1270,-5778
4.479883,-2318,-1308,-5809
4.480829,-2328,-1308,-5745
4.481775,-2330,-1288,-5711
4.482722,-2310,-1280,-5765
4.483668,-2300,-1266,-5762
4.484614,-2316,-1262,-5747
4.485561,-2352,-1296,-5762
4.486508,-2330,-1286,-5742
4.487454,-2308,-1312,-5764
4.4884,-2340,-1232,-5796
4.489347,-2352,-1284,-5734
4.490294,-2348,-1250,-5726
4.502602,-2312,-1290,-5686
4.50355,-2316,-1264,-5728
4.504497,-2308,-1262,-5732
4.505444,-2270,-1254,-5759
4.506392,-2300,-1198,-5771
4.507341,-2292,-1264,-5744
4.508284,-2302,-1256,-5699
4.509231,-2306,-1258,-5759
4.510179,-2292,-1288,-5689
4.511124,-2316,-1284,-5753
4.512071,-2318,-1286,-5732
4.513018,-2318,-1282,-5825
4.51397,-2298,-1260,-5809
4.514912,-2282,-1272,-5781
4.515859,-2294,-1220,-5682
4.516806,-2310,-1214,-5792
4.517753,-2292,-1266,-5753
4.518699,-2282,-1272,-5722
4.519645,-2306,-1284,-5716
4.520594,-2332,-1214,-5738
4.521538,-2296,-1278,-5747
4.522485,-2246,-1298,-5752
4.523439,-2284,-1256,-5788
4.524378,-2368,-1270,-5789
4.525326,-2318,-1240,-5736
4.526271,-2356,-1276,-5712
4.527218,-2318,-1240,-5824
4.528165,-2274,-1260,-5744
4.529112,-2302,-1238,-5727
4.530062,-2312,-1280,-5717
4.531006,-2302,-1248,-5769
4.531953,-2306,-1240,-5717
4.532901,-2304,-1264,-5706
4.533848,-2296,-1216,-5696
4.534798,-2308,-1226,-5744
4.535743,-2302,-1240,-5758
4.536689,-2332,-1254,-5766
4.537637,-2278,-1278,-5753
4.538585,-2330,-1248,-5752
4.539535,-2286,-1262,-5756
4.54048,-2284,-1276,-5754
4.541427,-2274,-1232,-5768
4.542374,-2290,-1248,-5790
4.543321,-2310,-1270,-5737
4.544267,-2356,-1258,-5762
4.545214,-2310,-1258,-5686
4.546161,-2308,-1280,-5678
4.547107,-2336,-1270,-5714
4.548054,-2318,-1266,-5787
4.549001,-2322,-1294,-5732
4.549948,-2278,-1286,-5665
4.550894,-2310,-1250,-5695
4.551841,-2306,-1258,-5722
4.552788,-2324,-1248,-5729
4.553735,-2332,-1286,-5734
4.554682,-2332,-1300,-5729
4.555628,-2310,-1300,-5692
4.556575,-2322,-1224,-5737
4.557521,-2328,-1180,-5680
4.558469,-2310,-1224,-5694
4.559416,-2278,-1242,-5721
4.560363,-2338,-1228,-5696
4.561314,-2276,-1260,-5763
4.562256,-2314,-1216,-5772
4.563202,-2344,-1258,-5678
4.56415,-2298,-1282,-5699
4.565095,-2320,-1270,-5791
4.566043,-2310,-1272,-5620
4.56699,-2336,-1246,-5772
4.567938,-2324,-1242,-5773
4.568885,-2314,-1262,-5733
4.569832,-2304,-1234,-5729
4.570778,-2292,-1304,-5704
4.571726,-2266,-1246,-5711
4.572672,-2300,-1256,-5667
4.573618,-2326,-1280,-5708
4.574565,-2318,-1268,-5683
4.575513,-2314,-1274,-5714
4.576458,-2276,-1230,-5697
4.577405,-2292,-1274,-5709
4.578352,-2304,-1286,-5770
4.579298,-2366,-1252,-5759
4.580245,-2290,-1232,-5734
4.581194,-2312,-1246,-5705
4.582139,-2290,-1228,-5713
4.583085,-2306,-1278,-5682
4.584031,-2314,-1232,-5713
4.584978,-2302,-1274,-5664
4.585925,-2356,-1294,-5746
4.586872,-2310,-1286,-5759
4.587818,-2318,-1242,-5743
4.588765,-2340,-1286,-5732
4.589711,-2326,-1200,-5759
4.590661,-2344,-1260,-5752
4.591605,-2316,-1244,-5756
4.592552,-2302,-1252,-5751
4.593499,-2332,-1246,-5805
4.594445,-2278,-1260,-5718
4.595392,-2304,-1236,-5701
4.596341,-2318,-1234,-5733
4.611487,-2310,-1260,-5775
4.612433,-2294,-1254,-5736
4.613382,-2286,-1280,-5696
4.61433,-2356,-1234,-5780
4.615274,-2310,-1244,-5768
4.616227,-2334,-1254,-5699
4.617169,-2284,-1254,-5739
4.618116,-2302,-1280,-5756
4.619062,-2332,-1242,-5746
4.620009,-2324,-1250,-5706
4.620956,-2266,-1288,-5752
4.621903,-2306,-1216,-5707
4.622851,-2294,-1218,-5723
4.623798,-2318,-1258,-5710
4.624744,-2304,-1242,-5682
4.625693,-2314,-1238,-5777
4.626637,-2338,-1208,-5736
4.627584,-2298,-1244,-5688
4.628529,-2310,-1226,-5657
4.629476,-2328,-1264,-5699
4.630421,-2278,-1266,-5610
4.631368,-2262,-1238,-5747
4.632317,-2284,-1248,-5703
4.63326,-2278,-1226,-5736
4.634208,-2308,-1262,-5681
4.635161,-2350,-1276,-5694
4.636101,-2322,-1238,-5740
4.637051,-2310,-1248,-5661
4.637996,-2378,-1250,-5660
4.638943,-2314,-1240,-5672
4.639889,-2326,-1230,-5711
4.640836,-2336,-1242,-5709
4.641788,-2312,-1288,-5709
4.642731,-2318,-1210,-5768
4.643678,-2352,-1266,-5749
4.644625,-2296,-1222,-5823
4.645572,-2320,-1248,-5773
4.646519,-2344,-1236,-5712
4.647466,-2318,-1260,-5720
4.648413,-2334,-1236,-5702
4.649361,-2330,-1268,-5775
4.650308,-2330,-1234,-5812
4.651256,-2332,-1270,-5744
4.652202,-2318,-1290,-5742
4.65315,-2272,-1278,-5730
4.654097,-2342,-1204,-5676
4.655044,-2314,-1256,-5730
4.655991,-2292,-1232,-5762
4.656939,-2328,-1216,-5745
4.657886,-2340,-1234,-5744
4.658833,-2362,-1186,-5747
4.659779,-2350,-1224,-5742
4.660726,-2326,-1240,-5756
4.661673,-2320,-1226,-5705
4.662624,-2310,-1292,-5748
4.663566,-2314,-1280,-5770
4.664512,-2336,-1270,-5762
4.665459,-2302,-1254,-5739
4.666406,-2374,-1280,-5824
4.667352,-2340,-1258,-5783
4.668303,-2314,-1248,-5764
4.669245,-2336,-1246,-5735
4.670193,-2348,-1208,-5683
4.671139,-2304,-1260,-5685
4.672085,-2320,-1276,-5743
4.673032,-2340,-1232,-5756
4.673979,-2346,-1260,-5754
4.674925,-2396,-1244,-5729
4.675872,-2328,-1236,-5751
4.676819,-2334,-1288,-5732
4.677768,-2344,-1294,-5707
4.678713,-2370,-1258,-5751
4.679659,-2338,-1292,-5741
4.680606,-2344,-1224,-5798
4.681553,-2370,-1312,-5747
4.682499,-2334,-1252,-5747
4.683447,-2326,-1288,-5736
4.684393,-2354,-1240,-5674
4.68534,-2330,-1252,-5714
4.686287,-2360,-1286,-5725
4.687234,-2354,-1260,-5691
4.688178,-2336,-1304,-5693
4.689125,-2334,-1258,-5744
4.690073,-2348,-1294,-5738
4.69102,-2308,-1282,-5767
4.691967,-2300,-1272,-5730
4.692915,-2340,-1310,-5838
4.693861,-2318,-1282,-5784
4.694808,-2258,-1272,-5714
4.708065,-2320,-1282,-5711
4.709011,-2296,-1280,-5745
4.709958,-2278,-1254,-5594
4.710907,-2338,-1226,-5644
4.711854,-2330,-1270,-5683
4.712801,-2346,-1276,-5796
4.713748,-2312,-1304,-5751
4.714694,-2326,-1262,-5738
4.715641,-2296,-1242,-5734
4.716591,-2288,-1274,-5700
4.717536,-2322,-1282,-5727
4.718483,-2284,-1278,-5729
4.71943,-2298,-1274,-5729
4.720377,-2316,-1258,-5735
4.721324,-2310,-1284,-5796
4.722271,-2268,-1242,-5728
4.723217,-2330,-1276,-5697
4.724166,-2284,-1278,-5740
4.725112,-2290,-1208,-5648
4.726059,-2364,-1240,-5657
4.727005,-2322,-1242,-5760
4.727952,-2336,-1260,-5708
4.728902,-2316,-1236,-5712
4.729847,-2320,-1238,-5773
4.730792,-2364,-1236,-5696
4.731741,-2298,-1230,-5657
4.732687,-2346,-1208,-5698
4.733633,-2314,-1260,-5670
4.73458,-2332,-1250,-5699
4.735527,-2344,-1258,-5662
4.736474,-2358,-1250,-5691
4.737421,-2344,-1244,-5692
4.738368,-2356,-1298,-5705
4.739316,-2358,-1286,-5737
4.740261,-2310,-1204,-5699
4.74121,-2336,-1186,-5709
4.742155,-2332,-1218,-5706
4.743104,-2340,-1280,-5725
4.744049,-2310,-1248,-5703
4.744996,-2290,-1252,-5702
4.745943,-2342,-1274,-5744
4.746889,-2316,-1260,-5770
4.747836,-2334,-1234,-5675
4.748785,-2328,-1262,-5651
4.749729,-2290,-1260,-5638
4.750677,-2334,-1256,-5736
4.751623,-2332,-1284,-5656
4.75257,-2312,-1276,-5747
4.75352,-2274,-1236,-5705
4.754462,-2318,-1272,-5738
4.75541,-2304,-1264,-5798
4.756357,-2312,-1232,-5737
4.757303,-2296,-1254,-5773
4.758251,-2324,-1254,-5761
4.759197,-2290,-1264,-5772
4.760144,-2316,-1270,-5722
4.761092,-2306,-1270,-5684
4.762039,-2308,-1298,-5713
4.762987,-2306,-1274,-5733
4.763935,-2320,-1246,-5712
4.764881,-2352,-1280,-5744
4.765827,-2346,-1264,-5656
4.766774,-2344,-1272,-5730
4.767723,-2342,-1294,-5754
4.768669,-2332,-1270,-5723
4.769616,-2364,-1276,-5729
4.770562,-2346,-1300,-5716
4.77151,-2346,-1266,-5705
4.77246,-2356,-1274,-5708
4.773403,-2302,-1260,-5703
4.77435,-2376,-1316,-5715
4.775297,-2316,-1282,-5723
4.776243,-2342,-1290,-5721
4.777191,-2326,-1274,-5696
4.778138,-2330,-1260,-5679
4.779083,-2326,-1222,-5752
4.780031,-2364,-1240,-5760
4.780979,-2344,-1242,-5721
4.781927,-2340,-1288,-5754
4.782874,-2386,-1246,-5691
4.783821,-2352,-1290,-5653
4.784768,-2342,-1260,-5676
4.785715,-2338,-1256,-5743
4.786661,-2260,-1254,-5740
4.787608,-2288,-1250,-5743
4.788555,-2298,-1284,-5741
4.789502,-2308,-1276,-5740
4.790449,-2340,-1250,-5735
4.791396,-2420,-1298,-5670
4.792343,-2360,-1274,-5733
4.79329,-2390,-1280,-5768
4.794241,-2314,-1304,-5738
4.795185,-2338,-1274,-5730
4.796132,-2306,-1264,-5638
4.79708,-2362,-1306,-5668
4.798026,-2342,-1282,-5758
4.798975,-2310,-1284,-5703
4.799919,-2308,-1294,-5667
4.800866,-2340,-1252,-5701
4.801813,-2316,-1274,-5689
4.80276,-2304,-1290,-5647
4.803711,-2310,-1278,-5701
4.81223,-2306,-1270,-5749
4.813176,-2314,-1290,-5743
4.814124,-2332,-1252,-5701
4.815071,-2356,-1260,-5726
4.816018,-2272,-1256,-5756
4.816964,-2344,-1268,-5784
4.817911,-2308,-1244,-5785
4.818858,-2310,-1282,-5651
4.819807,-2290,-1296,-5749
4.820753,-2354,-1214,-5719
4.821698,-2348,-1276,-5843
4.822647,-2330,-1274,-5736
4.823593,-2336,-1264,-5685
4.82454,-2312,-1288,-5698
4.825489,-2302,-1298,-5669
4.826433,-2282,-1256,-5702
4.827379,-2286,-1282,-5724
4.828328,-2306,-1258,-5736
4.829272,-2296,-1266,-5709
4.830219,-2338,-1236,-5680
4.831166,-2322,-1278,-5766
4.832113,-2324,-1310,-5708
4.83306,-2326,-1256,-5763
4.834006,-2358,-1304,-5732
4.834954,-2312,-1292,-5770
4.835901,-2310,-1266,-5747
4.836847,-2312,-1240,-5781
4.837797,-2314,-1256,-5707
4.838741,-2290,-1302,-5656
4.839689,-2304,-1270,-5710
4.840636,-2314,-1272,-5736
4.841584,-2324,-1320,-5695
4.842532,-2318,-1250,-5765
4.843478,-2360,-1258,-5828
4.844425,-2272,-1276,-5716
4.845373,-2304,-1260,-5761
4.846319,-2304,-1280,-5762
4.847269,-2310,-1280,-5714
4.848212,-2308,-1294,-5739
4.849159,-2314,-1274,-5697
4.850105,-2326,-1294,-5737
4.851052,-2308,-1332,-5754
4.851999,-2316,-1308,-5782
4.852946,-2328,-1304,-5701
4.853893,-2334,-1288,-5684
4.85484,-2352,-1278,-5757
4.855788,-2360,-1300,-5715
4.856734,-2322,-1290,-5770
4.85768,-2348,-1276,-5773
4.858627,-2354,-1270,-5764
4.859576,-2348,-1256,-5750
